id,name,group,section,table_section,sort_order,image,source_sheet,source_row,source_cell,seasons,level,base_time_seconds,base_harvests,base_seed_cost_coins,base_sell_coins,base_stock,base_oil_per_seed,base_yield_per_plot,market_price_flower,sfl_hub_market_price_flower,default_time_seconds,default_seed_cost_coins,default_sell_coins,default_stock,default_yield_per_plot,base_value_source,excel_current,excel_formulas
sunflower,Sunflower,crops,Crops,Basic crops,1,crops/crops/sunflower.png,Informações CropsFrutasGH,4,B4,"[""Spring"", ""Summer""]",Basic,60,,0.01,0.02,800.0,,1,0.00034978,0.0,60,0.01,0.02,800.0,1,SFL Hub recursos.js.descarga from uploaded Nueva carpeta (2).zip,"{""time_seconds"": 48, ""seed_cost_coins"": 0.01, ""sell_coins"": 0.02, ""stock"": 960.0, ""yield_per_plot"": 0.5}","{""time_seconds"": ""=C4*IF(Skills!$B$17=TRUE,Skills!$F$17,1)*IF(Skills!$B$32=TRUE,Skills!$F$32,1)*IF(OR(NFTs!$B$37,NFTs!$B$38,NFTs!$B$39)=TRUE,NFTs!$G$37,1)*IF(NFTs!$B$47=TRUE,NFTs!$G$47,1)*IF(NFTs!$B$89=TRUE,NFTs!$G$89,1)*IF(NFTs!$B$88=TRUE,NFTs!$G$88,1)*(Buds!I21)*IF(Shrine!$B$21=TRUE,Shrine!$H$21,1)"", ""seed_cost_coins"": ""=D4*IF(NFTs!$B$39=TRUE,NFTs!$G$39,1)*IF(NFTs!$B$91=TRUE,NFTs!$G$91,1)*IF(Skills!$B$26=TRUE,Skills!$F$26,1)"", ""sell_coins"": ""=E4*IF(Skills!$B$16=TRUE,Skills!$F$16,1)*IF(Skills!$B$40=TRUE,Skills!$F$40,1)"", ""stock"": ""=F4*IF(NFTs!$B$36=TRUE,NFTs!$G$36,1)"", ""yield_per_plot"": ""=(1*IF(Skills!$B$18=TRUE,Skills!$F$18,1)*IF(OR(NFTs!$B$38,NFTs!$B$39)=TRUE,NFTs!$G$38,1)*IF(NFTs!$B$84=TRUE,NFTs!$G$84,1)*IF(NFTs!$B$92=TRUE,NFTs!$G$92,1)+IF(NFTs!$B$85=TRUE,NFTs!$G$85,0)+IF(NFTs!$B$103=TRUE,NFTs!$G$103,0)+IF(NFTs!$B$48=TRUE,NFTs!$G$48,0)+IF(NFTs!$B$49=TRUE,NFTs!$G$49,0)+IF(Skills!$B$33=TRUE,Skills!$F$33,0)+IF(Skills!$B$45=TRUE,Skills!$G$45,0)+IF(Skills!$B$46=TRUE,Skills!$F$46,0)+IF(NFTs!$B$50=TRUE,NFTs!$G$50,0)+IF(NFTs!$B$90=TRUE,NFTs!$G$90,0)+IF(NFTs!$B$87=TRUE,NFTs!$G$87,0)+IF(Buds!$B$21>Buds!$B$32,Buds!B21,Buds!B32)+(Buds!L27)+IF(AND(Shrine!I30=TRUE,OR(Combo!$Y$32=\""Average Profit per Day\"",Combo!$Y$32=\""Lucro Médio por Dia\"")),Shrine!$O$30,0))*IF(NFTs!$B$86=TRUE,NFTs!$G$86,1)""}"
potato,Potato,crops,Crops,Basic crops,2,crops/crops/potato.png,Informações CropsFrutasGH,5,B5,"[""Summer"", ""Autumn"", ""Winter""]",Basic,300,,0.1,0.14,400.0,,1,0.00035,0.0,300,0.1,0.14,400.0,1,SFL Hub recursos.js.descarga from uploaded Nueva carpeta (2).zip,"{""time_seconds"": 242, ""seed_cost_coins"": 0.1, ""sell_coins"": 0.14, ""stock"": 480.0, ""yield_per_plot"": 0.5}","{""time_seconds"": ""=C5*IF(Skills!$B$17=TRUE,Skills!$F$17,1)*IF(Skills!$B$32=TRUE,Skills!$F$32,1)*IF(OR(NFTs!$B$37,NFTs!$B$38,NFTs!$B$39)=TRUE,NFTs!$G$37,1)*IF(NFTs!$B$47=TRUE,NFTs!$G$47,1)*IF(NFTs!$B$89=TRUE,NFTs!$G$89,1)*IF(NFTs!$B$88=TRUE,NFTs!$G$88,1)*(Buds!I21)*IF(Shrine!$B$21=TRUE,Shrine!$H$21,1)"", ""seed_cost_coins"": ""=D5*IF(NFTs!$B$39=TRUE,NFTs!$G$39,1)*IF(Skills!$B$26=TRUE,Skills!$F$26,1)"", ""sell_coins"": ""=E5*IF(Skills!$B$16=TRUE,Skills!$F$16,1)*IF(Skills!$B$40=TRUE,Skills!$F$40,1)"", ""stock"": ""=F5*IF(NFTs!$B$36=TRUE,NFTs!$G$36,1)"", ""yield_per_plot"": ""=(1*IF(Skills!$B$18=TRUE,Skills!$F$18,1)*IF(OR(NFTs!$B$38,NFTs!$B$39)=TRUE,NFTs!$G$38,1)*IF(NFTs!$B$84=TRUE,NFTs!$G$84,1)+IF(NFTs!$B$85=TRUE,NFTs!$G$85,0)+IF(NFTs!$B$103=TRUE,NFTs!$G$103,0)+IF(NFTs!$B$48=TRUE,NFTs!$G$48,0)+IF(NFTs!$B$49=TRUE,NFTs!$G$49,0)+IF(Skills!$B$33=TRUE,Skills!$F$33,0)+IF(Skills!$B$45=TRUE,Skills!$G$45,0)+IF(Skills!$B$46=TRUE,Skills!$F$46,0)+IF(NFTs!$B$51=TRUE,NFTs!$G$51,0)+IF(NFTs!$B$52=TRUE,NFTs!$G$52,0)+IF(NFTs!$B$90=TRUE,NFTs!$G$90,0)+IF(NFTs!$B$87=TRUE,NFTs!$G$87,0)+(Buds!B21)+(Buds!L27)+IF(AND(Shrine!I30=TRUE,OR(Combo!$Y$32=\""Average Profit per Day\"",Combo!$Y$32=\""Lucro Médio por Dia\"")),Shrine!$O$30,0))*IF(NFTs!$B$86=TRUE,NFTs!$G$86,1)""}"
rhubarb,Rhubarb,crops,Crops,Basic crops,3,crops/crops/rhubarb.png,Informações CropsFrutasGH,6,B6,"[""Spring""]",Basic,600,,0.15,0.24,400.0,,1,0.00065,0.0,600,0.15,0.24,400.0,1,SFL Hub recursos.js.descarga from uploaded Nueva carpeta (2).zip,"{""time_seconds"": 484, ""seed_cost_coins"": 0.15, ""sell_coins"": 0.24, ""stock"": 480.0, ""yield_per_plot"": 0.5}","{""time_seconds"": ""=C6*IF(Skills!$B$17=TRUE,Skills!$F$17,1)*IF(Skills!$B$32=TRUE,Skills!$F$32,1)*IF(OR(NFTs!$B$37,NFTs!$B$38,NFTs!$B$39)=TRUE,NFTs!$G$37,1)*IF(NFTs!$B$47=TRUE,NFTs!$G$47,1)*IF(NFTs!$B$89=TRUE,NFTs!$G$89,1)*IF(NFTs!$B$88=TRUE,NFTs!$G$88,1)*(Buds!I21)*IF(Shrine!$B$21=TRUE,Shrine!$H$21,1)"", ""seed_cost_coins"": ""=D6*IF(NFTs!$B$39=TRUE,NFTs!$G$39,1)*IF(Skills!$B$26=TRUE,Skills!$F$26,1)"", ""sell_coins"": ""=E6*IF(Skills!$B$16=TRUE,Skills!$F$16,1)*IF(Skills!$B$40=TRUE,Skills!$F$40,1)"", ""stock"": ""=F6*IF(NFTs!$B$36=TRUE,NFTs!$G$36,1)"", ""yield_per_plot"": ""=(1*IF(Skills!$B$18=TRUE,Skills!$F$18,1)*IF(OR(NFTs!$B$38,NFTs!$B$39)=TRUE,NFTs!$G$38,1)*IF(NFTs!$B$84=TRUE,NFTs!$G$84,1)+IF(NFTs!$B$85=TRUE,NFTs!$G$85,0)+IF(NFTs!$B$103=TRUE,NFTs!$G$103,0)+IF(NFTs!$B$48=TRUE,NFTs!$G$48,0)+IF(NFTs!$B$49=TRUE,NFTs!$G$49,0)+IF(Skills!$B$33=TRUE,Skills!$F$33,0)+IF(Skills!$B$45=TRUE,Skills!$G$45,0)+IF(Skills!$B$46=TRUE,Skills!$F$46,0)+IF(NFTs!$B$90=TRUE,NFTs!$G$90,0)+IF(NFTs!$B$87=TRUE,NFTs!$G$87,0)+(Buds!B21)+(Buds!L27)+IF(AND(Shrine!I30=TRUE,OR(Combo!$Y$32=\""Average Profit per Day\"",Combo!$Y$32=\""Lucro Médio por Dia\"")),Shrine!$O$30,0))*IF(NFTs!$B$86=TRUE,NFTs!$G$86,1)""}"
pumpkin,Pumpkin,crops,Crops,Basic crops,4,crops/crops/pumpkin.png,Informações CropsFrutasGH,7,B7,"[""Autumn""]",Basic,1800,,0.2,0.4,300.0,,1,0.0009496,0.0,1800,0.2,0.4,300.0,1,SFL Hub recursos.js.descarga from uploaded Nueva carpeta (2).zip,"{""time_seconds"": 1453, ""seed_cost_coins"": 0.2, ""sell_coins"": 0.4, ""stock"": 360.0, ""yield_per_plot"": 0.5}","{""time_seconds"": ""=C7*IF(Skills!$B$17=TRUE,Skills!$F$17,1)*IF(Skills!$B$32=TRUE,Skills!$F$32,1)*IF(OR(NFTs!$B$37,NFTs!$B$38,NFTs!$B$39)=TRUE,NFTs!$G$37,1)*IF(NFTs!$B$47=TRUE,NFTs!$G$47,1)*IF(NFTs!$B$89=TRUE,NFTs!$G$89,1)*IF(NFTs!$B$88=TRUE,NFTs!$G$88,1)*(Buds!I21)*IF(Shrine!$B$21=TRUE,Shrine!$H$21,1)"", ""seed_cost_coins"": ""=D7*IF(NFTs!$B$39=TRUE,NFTs!$G$39,1)*IF(Skills!$B$26=TRUE,Skills!$F$26,1)"", ""sell_coins"": ""=E7*IF(Skills!$B$16=TRUE,Skills!$F$16,1)*IF(Skills!$B$40=TRUE,Skills!$F$40,1)"", ""stock"": ""=F7*IF(NFTs!$B$36=TRUE,NFTs!$G$36,1)"", ""yield_per_plot"": ""=(1*IF(Skills!$B$18=TRUE,Skills!$F$18,1)*IF(OR(NFTs!$B$38,NFTs!$B$39)=TRUE,NFTs!$G$38,1)*IF(NFTs!$B$84=TRUE,NFTs!$G$84,1)*IF(NFTs!$B$53=TRUE,NFTs!$G$53,1)+IF(NFTs!$B$85=TRUE,NFTs!$G$85,0)+IF(NFTs!$B$103=TRUE,NFTs!$G$103,0)+IF(NFTs!$B$48=TRUE,NFTs!$G$48,0)+IF(NFTs!$B$49=TRUE,NFTs!$G$49,0)+IF(Skills!$B$33=TRUE,Skills!$F$33,0)+IF(Skills!$B$45=TRUE,Skills!$G$45,0)+IF(Skills!$B$46=TRUE,Skills!$F$46,0)+IF(NFTs!$B$55=TRUE,NFTs!$G$55,0)+IF(NFTs!$B$90=TRUE,NFTs!$G$90,0)+IF(NFTs!$B$87=TRUE,NFTs!$G$87,0)+(Buds!B21)+(Buds!L27)+IF(NFTs!$B$54=TRUE,NFTs!$G$54,0)+IF(AND(Shrine!I30=TRUE,OR(Combo!$Y$32=\""Average Profit per Day\"",Combo!$Y$32=\""Lucro Médio por Dia\"")),Shrine!$O$30,0))*IF(NFTs!$B$86=TRUE,NFTs!$G$86,1)""}"
zucchini,Zucchini,crops,Crops,Basic crops,5,crops/crops/zucchini.png,Informações CropsFrutasGH,8,B8,"[""Summer""]",Basic,1800,,0.2,0.4,400.0,,1,0.000769,0.0,1800,0.2,0.4,400.0,1,SFL Hub recursos.js.descarga from uploaded Nueva carpeta (2).zip,"{""time_seconds"": 1453, ""seed_cost_coins"": 0.2, ""sell_coins"": 0.4, ""stock"": 480.0, ""yield_per_plot"": 0.5}","{""time_seconds"": ""=C8*IF(Skills!$B$17=TRUE,Skills!$F$17,1)*IF(Skills!$B$32=TRUE,Skills!$F$32,1)*IF(OR(NFTs!$B$37,NFTs!$B$38,NFTs!$B$39)=TRUE,NFTs!$G$37,1)*IF(NFTs!$B$47=TRUE,NFTs!$G$47,1)*IF(NFTs!$B$89=TRUE,NFTs!$G$89,1)*IF(NFTs!$B$88=TRUE,NFTs!$G$88,1)*IF(NFTs!$B$56=TRUE,NFTs!$G$56,1)*(Buds!I21)*IF(Shrine!$B$21=TRUE,Shrine!$H$21,1)"", ""seed_cost_coins"": ""=D8*IF(NFTs!$B$39=TRUE,NFTs!$G$39,1)*IF(Skills!$B$26=TRUE,Skills!$F$26,1)"", ""sell_coins"": ""=E8*IF(Skills!$B$16=TRUE,Skills!$F$16,1)*IF(Skills!$B$40=TRUE,Skills!$F$40,1)"", ""stock"": ""=F8*IF(NFTs!$B$36=TRUE,NFTs!$G$36,1)"", ""yield_per_plot"": ""=(1*IF(Skills!$B$18=TRUE,Skills!$F$18,1)*IF(OR(NFTs!$B$38,NFTs!$B$39)=TRUE,NFTs!$G$38,1)*IF(NFTs!$B$84=TRUE,NFTs!$G$84,1)+IF(NFTs!$B$85=TRUE,NFTs!$G$85,0)+IF(NFTs!$B$103=TRUE,NFTs!$G$103,0)+IF(NFTs!$B$48=TRUE,NFTs!$G$48,0)+IF(NFTs!$B$49=TRUE,NFTs!$G$49,0)+IF(Skills!$B$33=TRUE,Skills!$F$33,0)+IF(Skills!$B$45=TRUE,Skills!$G$45,0)+IF(Skills!$B$46=TRUE,Skills!$F$46,0)+IF(NFTs!$B$90=TRUE,NFTs!$G$90,0)+IF(NFTs!$B$87=TRUE,NFTs!$G$87,0)+(Buds!B21)+(Buds!L27)+IF(AND(Shrine!I30=TRUE,OR(Combo!$Y$32=\""Average Profit per Day\"",Combo!$Y$32=\""Lucro Médio por Dia\"")),Shrine!$O$30,0))*IF(NFTs!$B$86=TRUE,NFTs!$G$86,1)""}"
carrot,Carrot,crops,Crops,Medium crops,6,crops/crops/carrot.png,Informações CropsFrutasGH,9,B9,"[""Spring"", ""Autumn""]",Medium,3600,,0.5,0.8,200.0,,1,0.001975,0.0,3600,0.5,0.8,200.0,1,SFL Hub recursos.js.descarga from uploaded Nueva carpeta (2).zip,"{""time_seconds"": 2907, ""seed_cost_coins"": 0.5, ""sell_coins"": 0.8, ""stock"": 240.0, ""yield_per_plot"": 0.5315789474}","{""time_seconds"": ""=C9*IF(Skills!$B$17=TRUE,Skills!$F$17,1)*IF(Skills!$B$32=TRUE,Skills!$F$32,1)*IF(OR(NFTs!$B$37,NFTs!$B$38,NFTs!$B$39)=TRUE,NFTs!$G$37,1)*IF(NFTs!$B$47=TRUE,NFTs!$G$47,1)*IF(NFTs!$B$93=TRUE,NFTs!$G$93,1)*IF(NFTs!$B$89=TRUE,NFTs!$G$89,1)*IF(NFTs!$B$88=TRUE,NFTs!$G$88,1)*(Buds!I21)*IF(Shrine!$B$21=TRUE,Shrine!$H$21,1)"", ""seed_cost_coins"": ""=D9*IF(NFTs!$B$39=TRUE,NFTs!$G$39,1)*IF(Skills!$B$26=TRUE,Skills!$F$26,1)"", ""sell_coins"": ""=E9*IF(Skills!$B$16=TRUE,Skills!$F$16,1)*IF(Skills!$B$40=TRUE,Skills!$F$40,1)"", ""stock"": ""=F9*IF(NFTs!$B$36=TRUE,NFTs!$G$36,1)"", ""yield_per_plot"": ""=(1*IF(Skills!$B$18=TRUE,Skills!$F$18,1)*IF(OR(NFTs!$B$38,NFTs!$B$39)=TRUE,NFTs!$G$38,1)*IF(NFTs!$B$84=TRUE,NFTs!$G$84,1)*IF(NFTs!$B$57=TRUE,NFTs!$G$57,1)+IF(NFTs!$B$85=TRUE,NFTs!$G$85,0)+IF(NFTs!$B$103=TRUE,NFTs!$G$103,0)+IF(NFTs!$B$48=TRUE,NFTs!$G$48,0)+IF(NFTs!$B$49=TRUE,NFTs!$G$49,0)+IF(Skills!$B$34=TRUE,Skills!$F$34,0)+IF(NFTs!$B$45=TRUE,NFTs!$G$45,0)+IF(Skills!$B$45=TRUE,Skills!$G$45,0)+IF(Skills!$B$46=TRUE,Skills!$F$46,0)+IF(NFTs!$B$58=TRUE,NFTs!$G$58,0)+IF(NFTs!$B$90=TRUE,NFTs!$G$90,0)+IF(NFTs!$B$87=TRUE,NFTs!$G$87,0)+IF(Buds!D21>Buds!D32,Buds!D21,Buds!D32)+(Buds!M27)+IF(NFTs!$B$59=TRUE,NFTs!$G$59,0)+IF(AND(Shrine!I30=TRUE,OR(Combo!$Y$32=\""Average Profit per Day\"",Combo!$Y$32=\""Lucro Médio por Dia\"")),Shrine!$O$30,0))*IF(NFTs!$B$86=TRUE,NFTs!$G$86,1)""}"
yam,Yam,crops,Crops,Medium crops,7,crops/crops/yam.png,Informações CropsFrutasGH,10,B10,"[""Autumn""]",Medium,3600,,0.5,0.8,180.0,,1,0.003299,0.0,3600,0.5,0.8,180.0,1,SFL Hub recursos.js.descarga from uploaded Nueva carpeta (2).zip,"{""time_seconds"": 2907, ""seed_cost_coins"": 0.5, ""sell_coins"": 0.8, ""stock"": 216.0, ""yield_per_plot"": 0.5315789474}","{""time_seconds"": ""=C10*IF(Skills!$B$17=TRUE,Skills!$F$17,1)*IF(Skills!$B$32=TRUE,Skills!$F$32,1)*IF(OR(NFTs!$B$37,NFTs!$B$38,NFTs!$B$39)=TRUE,NFTs!$G$37,1)*IF(NFTs!$B$47=TRUE,NFTs!$G$47,1)*IF(NFTs!$B$89=TRUE,NFTs!$G$89,1)*IF(NFTs!$B$88=TRUE,NFTs!$G$88,1)*(Buds!I21)*IF(Shrine!$B$21=TRUE,Shrine!$H$21,1)"", ""seed_cost_coins"": ""=D10*IF(NFTs!$B$39=TRUE,NFTs!$G$39,1)*IF(Skills!$B$26=TRUE,Skills!$F$26,1)"", ""sell_coins"": ""=E10*IF(Skills!$B$16=TRUE,Skills!$F$16,1)*IF(Skills!$B$40=TRUE,Skills!$F$40,1)"", ""stock"": ""=F10*IF(NFTs!$B$36=TRUE,NFTs!$G$36,1)"", ""yield_per_plot"": ""=(1*IF(Skills!$B$18=TRUE,Skills!$F$18,1)*IF(OR(NFTs!$B$38,NFTs!$B$39)=TRUE,NFTs!$G$38,1)*IF(NFTs!$B$84=TRUE,NFTs!$G$84,1)+IF(NFTs!$B$85=TRUE,NFTs!$G$85,0)+IF(NFTs!$B$103=TRUE,NFTs!$G$103,0)+IF(NFTs!$B$48=TRUE,NFTs!$G$48,0)+IF(NFTs!$B$49=TRUE,NFTs!$G$49,0)+IF(Skills!$B$34=TRUE,Skills!$F$34,0)+IF(NFTs!$B$45=TRUE,NFTs!$G$45,0)+IF(Skills!$B$45=TRUE,Skills!$G$45,0)+IF(Skills!$B$46=TRUE,Skills!$F$46,0)+IF(NFTs!$B$90=TRUE,NFTs!$G$90,0)+IF(NFTs!$B$87=TRUE,NFTs!$G$87,0)+(Buds!D21)+(Buds!M27)+IF(NFTs!$B$60=TRUE,NFTs!$G$60,0)+IF(AND(Shrine!I30=TRUE,OR(Combo!$Y$32=\""Average Profit per Day\"",Combo!$Y$32=\""Lucro Médio por Dia\"")),Shrine!$O$30,0))*IF(NFTs!$B$86=TRUE,NFTs!$G$86,1)""}"
cabbage,Cabbage,crops,Crops,Medium crops,8,crops/crops/cabbage.png,Informações CropsFrutasGH,11,B11,"[""Spring"", ""Winter""]",Medium,7200,,1.0,1.5,180.0,,1,0.002048,0.0,7200,1.0,1.5,180.0,1,SFL Hub recursos.js.descarga from uploaded Nueva carpeta (2).zip,"{""time_seconds"": 5814, ""seed_cost_coins"": 1.0, ""sell_coins"": 1.5, ""stock"": 216.0, ""yield_per_plot"": 0.5315789474}","{""time_seconds"": ""=C11*IF(Skills!$B$17=TRUE,Skills!$F$17,1)*IF(Skills!$B$32=TRUE,Skills!$F$32,1)*IF(OR(NFTs!$B$37,NFTs!$B$38,NFTs!$B$39)=TRUE,NFTs!$G$37,1)*IF(NFTs!$B$47=TRUE,NFTs!$G$47,1)*IF(NFTs!$B$63=TRUE,NFTs!$G$63,1)*IF(NFTs!$B$89=TRUE,NFTs!$G$89,1)*IF(NFTs!$B$88=TRUE,NFTs!$G$88,1)*(Buds!I21)*IF(Shrine!$B$21=TRUE,Shrine!$H$21,1)"", ""seed_cost_coins"": ""=D11*IF(NFTs!$B$39=TRUE,NFTs!$G$39,1)*IF(Skills!$B$26=TRUE,Skills!$F$26,1)"", ""sell_coins"": ""=E11*IF(Skills!$B$16=TRUE,Skills!$F$16,1)*IF(Skills!$B$40=TRUE,Skills!$F$40,1)"", ""stock"": ""=F11*IF(NFTs!$B$36=TRUE,NFTs!$G$36,1)"", ""yield_per_plot"": ""=(1*IF(Skills!$B$18=TRUE,Skills!$F$18,1)*IF(OR(NFTs!$B$38,NFTs!$B$39)=TRUE,NFTs!$G$38,1)*IF(NFTs!$B$84=TRUE,NFTs!$G$84,1)+IF(NFTs!$B$85=TRUE,NFTs!$G$85,0)+IF(NFTs!$B$103=TRUE,NFTs!$G$103,0)+IF(NFTs!$B$48=TRUE,NFTs!$G$48,0)+IF(NFTs!$B$49=TRUE,NFTs!$G$49,0)+IF(Skills!$B$34=TRUE,Skills!$F$34,0)+IF(NFTs!$B$45=TRUE,NFTs!$G$45,0)+IF(Skills!$B$45=TRUE,Skills!$G$45,0)+IF(Skills!$B$46=TRUE,Skills!$F$46,0)+IF(AND(NFTs!$B$61=TRUE,NFTs!$B$62=FALSE),NFTs!$G$61,0)+IF(AND(NFTs!$B$62=TRUE,NFTs!$B$63=FALSE),NFTs!$G$62,IF(AND(NFTs!$B$62,NFTs!$B$63)=TRUE,NFTs!$H$62))+IF(NFTs!$B$90=TRUE,NFTs!$G$90,0)+IF(NFTs!$B$87=TRUE,NFTs!$G$87,0)+(Buds!D21)+(Buds!M27)+IF(AND(Shrine!$I$30=TRUE,OR(Combo!$Y$32=\""Average Profit per Day\"",Combo!$Y$32=\""Lucro Médio por Dia\"")),Shrine!$O$30,0))*IF(NFTs!$B$86=TRUE,NFTs!$G$86,1)""}"
broccoli,Broccoli,crops,Crops,Medium crops,9,crops/crops/broccoli.png,Informações CropsFrutasGH,12,B12,"[""Autumn""]",Medium,7200,,1.0,1.5,180.0,,1,0.006698,0.0,7200,1.0,1.5,180.0,1,SFL Hub recursos.js.descarga from uploaded Nueva carpeta (2).zip,"{""time_seconds"": 5814, ""seed_cost_coins"": 1.0, ""sell_coins"": 1.5, ""stock"": 216.0, ""yield_per_plot"": 0.5315789474}","{""time_seconds"": ""=C12*IF(Skills!$B$17=TRUE,Skills!$F$17,1)*IF(Skills!$B$32=TRUE,Skills!$F$32,1)*IF(OR(NFTs!$B$37,NFTs!$B$38,NFTs!$B$39)=TRUE,NFTs!$G$37,1)*IF(NFTs!$B$47=TRUE,NFTs!$G$47,1)*IF(NFTs!$B$89=TRUE,NFTs!$G$89,1)*IF(NFTs!$B$88=TRUE,NFTs!$G$88,1)*IF(NFTs!$B$94=TRUE,NFTs!$G$94,1)*(Buds!I21)*IF(Shrine!$B$21=TRUE,Shrine!$H$21,1)"", ""seed_cost_coins"": ""=D12*IF(NFTs!$B$39=TRUE,NFTs!$G$39,1)*IF(Skills!$B$26=TRUE,Skills!$F$26,1)"", ""sell_coins"": ""=E12*IF(Skills!$B$16=TRUE,Skills!$F$16,1)*IF(Skills!$B$40=TRUE,Skills!$F$40,1)"", ""stock"": ""=F12*IF(NFTs!$B$36=TRUE,NFTs!$G$36,1)"", ""yield_per_plot"": ""=(1*IF(Skills!$B$18=TRUE,Skills!$F$18,1)*IF(OR(NFTs!$B$38,NFTs!$B$39)=TRUE,NFTs!$G$38,1)*IF(NFTs!$B$84=TRUE,NFTs!$G$84,1)+IF(NFTs!$B$85=TRUE,NFTs!$G$85,0)+IF(NFTs!$B$103=TRUE,NFTs!$G$103,0)+IF(NFTs!$B$48=TRUE,NFTs!$G$48,0)+IF(NFTs!$B$49=TRUE,NFTs!$G$49,0)+IF(Skills!$B$34=TRUE,Skills!$F$34,0)+IF(NFTs!$B$45=TRUE,NFTs!$G$45,0)+IF(Skills!$B$45=TRUE,Skills!$G$45,0)+IF(Skills!$B$46=TRUE,Skills!$F$46,0)+IF(NFTs!$B$90=TRUE,NFTs!$G$90,0)+IF(NFTs!$B$87=TRUE,NFTs!$G$87,0)+(Buds!D21)+(Buds!M27)+IF(AND(Shrine!$I$30=TRUE,OR(Combo!$Y$32=\""Average Profit per Day\"",Combo!$Y$32=\""Lucro Médio por Dia\"")),Shrine!$O$30,0))*IF(NFTs!$B$86=TRUE,NFTs!$G$86,1)""}"
soybean,Soybean,crops,Crops,Medium crops,10,crops/crops/soybean.png,Informações CropsFrutasGH,13,B13,"[""Spring"", ""Autumn""]",Medium,10800,,1.5,2.3,180.0,,1,0.002986,0.0,10800,1.5,2.3,180.0,1,SFL Hub recursos.js.descarga from uploaded Nueva carpeta (2).zip,"{""time_seconds"": 8721, ""seed_cost_coins"": 1.5, ""sell_coins"": 2.3, ""stock"": 216.0, ""yield_per_plot"": 0.5315789474}","{""time_seconds"": ""=C13*IF(Skills!$B$17=TRUE,Skills!$F$17,1)*IF(Skills!$B$32=TRUE,Skills!$F$32,1)*IF(OR(NFTs!$B$37,NFTs!$B$38,NFTs!$B$39)=TRUE,NFTs!$G$37,1)*IF(NFTs!$B$47=TRUE,NFTs!$G$47,1)*IF(NFTs!$B$89=TRUE,NFTs!$G$89,1)*IF(NFTs!$B$88=TRUE,NFTs!$G$88,1)*(Buds!I21)*IF(Shrine!$B$21=TRUE,Shrine!$H$21,1)"", ""seed_cost_coins"": ""=D13*IF(NFTs!$B$39=TRUE,NFTs!$G$39,1)*IF(Skills!$B$26=TRUE,Skills!$F$26,1)"", ""sell_coins"": ""=E13*IF(Skills!$B$16=TRUE,Skills!$F$16,1)*IF(Skills!$B$40=TRUE,Skills!$F$40,1)"", ""stock"": ""=F13*IF(NFTs!$B$36=TRUE,NFTs!$G$36,1)"", ""yield_per_plot"": ""=(1*IF(Skills!$B$18=TRUE,Skills!$F$18,1)*IF(OR(NFTs!$B$38,NFTs!$B$39)=TRUE,NFTs!$G$38,1)*IF(NFTs!$B$84=TRUE,NFTs!$G$84,1)+IF(NFTs!$B$85=TRUE,NFTs!$G$85,0)+IF(NFTs!$B$103=TRUE,NFTs!$G$103,0)+IF(NFTs!$B$48=TRUE,NFTs!$G$48,0)+IF(NFTs!$B$49=TRUE,NFTs!$G$49,0)+IF(Skills!$B$34=TRUE,Skills!$F$34,0)+IF(NFTs!$B$45=TRUE,NFTs!$G$45,0)+IF(Skills!$B$45=TRUE,Skills!$G$45,0)+IF(Skills!$B$46=TRUE,Skills!$F$46,0)+IF(NFTs!$B$64=TRUE,NFTs!$G$64,0)+IF(NFTs!$B$95=TRUE,NFTs!$G$95,0)+IF(NFTs!$B$90=TRUE,NFTs!$G$90,0)+IF(NFTs!$B$87=TRUE,NFTs!$G$87,0)+(Buds!D21)+(Buds!M27)+IF(AND(Shrine!$I$30=TRUE,OR(Combo!$Y$32=\""Average Profit per Day\"",Combo!$Y$32=\""Lucro Médio por Dia\"")),Shrine!$O$30,0))*IF(NFTs!$B$86=TRUE,NFTs!$G$86,1)""}"
beetroot,Beetroot,crops,Crops,Medium crops,11,crops/crops/beetroot.png,Informações CropsFrutasGH,15,B15,"[""Summer"", ""Winter""]",Medium,14400,,2.0,2.8,160.0,,1,0.0062,0.0,14400,2.0,2.8,160.0,1,SFL Hub recursos.js.descarga from uploaded Nueva carpeta (2).zip,"{""time_seconds"": 11628, ""seed_cost_coins"": 2.0, ""sell_coins"": 2.8, ""stock"": 192.0, ""yield_per_plot"": 0.5315789474}","{""time_seconds"": ""=C15*IF(Skills!$B$17=TRUE,Skills!$F$17,1)*IF(Skills!$B$32=TRUE,Skills!$F$32,1)*IF(OR(NFTs!$B$37,NFTs!$B$38,NFTs!$B$39)=TRUE,NFTs!$G$37,1)*IF(NFTs!$B$47=TRUE,NFTs!$G$47,1)*IF(NFTs!$B$89=TRUE,NFTs!$G$89,1)*IF(NFTs!$B$88=TRUE,NFTs!$G$88,1)*(Buds!I21)*IF(Shrine!$B$21=TRUE,Shrine!$H$21,1)"", ""seed_cost_coins"": ""=D15*IF(NFTs!$B$39=TRUE,NFTs!$G$39,1)*IF(Skills!$B$26=TRUE,Skills!$F$26,1)"", ""sell_coins"": ""=E15*IF(Skills!$B$16=TRUE,Skills!$F$16,1)*IF(Skills!$B$40=TRUE,Skills!$F$40,1)"", ""stock"": ""=F15*IF(NFTs!$B$36=TRUE,NFTs!$G$36,1)"", ""yield_per_plot"": ""=(1*IF(Skills!$B$18=TRUE,Skills!$F$18,1)*IF(OR(NFTs!$B$38,NFTs!$B$39)=TRUE,NFTs!$G$38,1)*IF(NFTs!$B$84=TRUE,NFTs!$G$84,1)*IF(NFTs!$B$96=TRUE,NFTs!$G$96,1)+IF(NFTs!$B$85=TRUE,NFTs!$G$85,0)+IF(NFTs!$B$103=TRUE,NFTs!$G$103,0)+IF(NFTs!$B$48=TRUE,NFTs!$G$48,0)+IF(NFTs!$B$49=TRUE,NFTs!$G$49,0)+IF(Skills!$B$34=TRUE,Skills!$F$34,0)+IF(NFTs!$B$45=TRUE,NFTs!$G$45,0)+IF(Skills!$B$45=TRUE,Skills!$G$45,0)+IF(Skills!$B$46=TRUE,Skills!$F$46,0)+IF(NFTs!$B$90=TRUE,NFTs!$G$90,0)+IF(NFTs!$B$87=TRUE,NFTs!$G$87,0)+(Buds!D21)+(Buds!M27)+IF(AND(Shrine!$I$30=TRUE,OR(Combo!$Y$32=\""Average Profit per Day\"",Combo!$Y$32=\""Lucro Médio por Dia\"")),Shrine!$O$30,0))*IF(NFTs!$B$86=TRUE,NFTs!$G$86,1)""}"
pepper,Pepper,crops,Crops,Medium crops,12,crops/crops/pepper.png,Informações CropsFrutasGH,14,B14,"[""Summer""]",Medium,14400,,2.0,3.0,160.0,,1,0.0065,0.0,14400,2.0,3.0,160.0,1,SFL Hub recursos.js.descarga from uploaded Nueva carpeta (2).zip,"{""time_seconds"": 8721, ""seed_cost_coins"": 2.0, ""sell_coins"": 3.0, ""stock"": 192.0, ""yield_per_plot"": 0.5315789474}","{""time_seconds"": ""=C14*IF(Skills!$B$17=TRUE,Skills!$F$17,1)*IF(Skills!$B$32=TRUE,Skills!$F$32,1)*IF(OR(NFTs!$B$37,NFTs!$B$38,NFTs!$B$39)=TRUE,NFTs!$G$37,1)*IF(NFTs!$B$47=TRUE,NFTs!$G$47,1)*IF(NFTs!$B$89=TRUE,NFTs!$G$89,1)*IF(NFTs!$B$88=TRUE,NFTs!$G$88,1)*IF(NFTs!$B$97=TRUE,NFTs!$G$97,1)*(Buds!I21)*IF(Shrine!$B$21=TRUE,Shrine!$H$21,1)"", ""seed_cost_coins"": ""=D14*IF(NFTs!$B$39=TRUE,NFTs!$G$39,1)*IF(Skills!$B$26=TRUE,Skills!$F$26,1)"", ""sell_coins"": ""=E14*IF(Skills!$B$16=TRUE,Skills!$F$16,1)*IF(Skills!$B$40=TRUE,Skills!$F$40,1)"", ""stock"": ""=F14*IF(NFTs!$B$36=TRUE,NFTs!$G$36,1)"", ""yield_per_plot"": ""=(1*IF(Skills!$B$18=TRUE,Skills!$F$18,1)*IF(OR(NFTs!$B$38,NFTs!$B$39)=TRUE,NFTs!$G$38,1)*IF(NFTs!$B$84=TRUE,NFTs!$G$84,1)+IF(NFTs!$B$85=TRUE,NFTs!$G$85,0)+IF(NFTs!$B$103=TRUE,NFTs!$G$103,0)+IF(NFTs!$B$48=TRUE,NFTs!$G$48,0)+IF(NFTs!$B$49=TRUE,NFTs!$G$49,0)+IF(Skills!$B$34=TRUE,Skills!$F$34,0)+IF(NFTs!$B$45=TRUE,NFTs!$G$45,0)+IF(Skills!$B$45=TRUE,Skills!$G$45,0)+IF(Skills!$B$46=TRUE,Skills!$F$46,0)+IF(NFTs!$B$90=TRUE,NFTs!$G$90,0)+IF(NFTs!$B$87=TRUE,NFTs!$G$87,0)+(Buds!D21)+(Buds!M27)+IF(AND(Shrine!$I$30=TRUE,OR(Combo!$Y$32=\""Average Profit per Day\"",Combo!$Y$32=\""Lucro Médio por Dia\"")),Shrine!$O$30,0))*IF(NFTs!$B$86=TRUE,NFTs!$G$86,1)""}"
cauliflower,Cauliflower,crops,Crops,Medium crops,13,crops/crops/cauliflower.png,Informações CropsFrutasGH,16,B16,"[""Summer"", ""Winter""]",Medium,28800,,3.0,4.25,160.0,,1,0.0095,0.0,28800,3.0,4.25,160.0,1,SFL Hub recursos.js.descarga from uploaded Nueva carpeta (2).zip,"{""time_seconds"": 23256, ""seed_cost_coins"": 3.0, ""sell_coins"": 4.25, ""stock"": 192.0, ""yield_per_plot"": 0.5315789474}","{""time_seconds"": ""=C16*IF(Skills!$B$17=TRUE,Skills!$F$17,1)*IF(Skills!$B$32=TRUE,Skills!$F$32,1)*IF(OR(NFTs!$B$37,NFTs!$B$38,NFTs!$B$39)=TRUE,NFTs!$G$37,1)*IF(NFTs!$B$47=TRUE,NFTs!$G$47,1)*IF(NFTs!$B$89=TRUE,NFTs!$G$89,1)*IF(NFTs!$B$88=TRUE,NFTs!$G$88,1)*(Buds!I21)*IF(Shrine!$B$21=TRUE,Shrine!$H$21,1)"", ""seed_cost_coins"": ""=D16*IF(NFTs!$B$39=TRUE,NFTs!$G$39,1)*IF(Skills!$B$26=TRUE,Skills!$F$26,1)"", ""sell_coins"": ""=E16*IF(Skills!$B$16=TRUE,Skills!$F$16,1)*IF(Skills!$B$40=TRUE,Skills!$F$40,1)"", ""stock"": ""=F16*IF(NFTs!$B$36=TRUE,NFTs!$G$36,1)"", ""yield_per_plot"": ""=(1*IF(Skills!$B$18=TRUE,Skills!$F$18,1)*IF(OR(NFTs!$B$38,NFTs!$B$39)=TRUE,NFTs!$G$38,1)*IF(NFTs!$B$84=TRUE,NFTs!$G$84,1)*IF(NFTs!$B$65=TRUE,NFTs!$G$65,1)+IF(NFTs!$B$85=TRUE,NFTs!$G$85,0)+IF(NFTs!$B$103=TRUE,NFTs!$G$103,0)+IF(NFTs!$B$48=TRUE,NFTs!$G$48,0)+IF(NFTs!$B$49=TRUE,NFTs!$G$49,0)+IF(Skills!$B$34=TRUE,Skills!$F$34,0)+IF(NFTs!$B$45=TRUE,NFTs!$G$45,0)+IF(Skills!$B$45=TRUE,Skills!$G$45,0)+IF(Skills!$B$46=TRUE,Skills!$F$46,0)+IF(NFTs!$B$90=TRUE,NFTs!$G$90,0)+IF(NFTs!$B$87=TRUE,NFTs!$G$87,0)+(Buds!D21)+(Buds!M27)+IF(AND(Shrine!$I$30=TRUE,OR(Combo!$Y$32=\""Average Profit per Day\"",Combo!$Y$32=\""Lucro Médio por Dia\"")),Shrine!$O$30,0))*IF(NFTs!$B$86=TRUE,NFTs!$G$86,1)""}"
parsnip,Parsnip,crops,Crops,Medium crops,14,crops/crops/parsnip.png,Informações CropsFrutasGH,17,B17,"[""Winter""]",Medium,43200,,5.0,6.5,120.0,,1,0.0147,0.0,43200,5.0,6.5,120.0,1,SFL Hub recursos.js.descarga from uploaded Nueva carpeta (2).zip,"{""time_seconds"": 34884, ""seed_cost_coins"": 5.0, ""sell_coins"": 6.5, ""stock"": 144.0, ""yield_per_plot"": 0.5315789474}","{""time_seconds"": ""=C17*IF(Skills!$B$17=TRUE,Skills!$F$17,1)*IF(Skills!$B$32=TRUE,Skills!$F$32,1)*IF(OR(NFTs!$B$37,NFTs!$B$38,NFTs!$B$39)=TRUE,NFTs!$G$37,1)*IF(NFTs!$B$47=TRUE,NFTs!$G$47,1)*IF(NFTs!$B$66=TRUE,NFTs!$G$66,1)*IF(NFTs!$B$89=TRUE,NFTs!$G$89,1)*IF(NFTs!$B$88=TRUE,NFTs!$G$88,1)*(Buds!I21)*IF(Shrine!$B$21=TRUE,Shrine!$H$21,1)"", ""seed_cost_coins"": ""=D17*IF(NFTs!$B$39=TRUE,NFTs!$G$39,1)*IF(Skills!$B$26=TRUE,Skills!$F$26,1)"", ""sell_coins"": ""=E17*IF(Skills!$B$16=TRUE,Skills!$F$16,1)*IF(Skills!$B$40=TRUE,Skills!$F$40,1)"", ""stock"": ""=F17*IF(NFTs!$B$36=TRUE,NFTs!$G$36,1)"", ""yield_per_plot"": ""=(1*IF(Skills!$B$18=TRUE,Skills!$F$18,1)*IF(OR(NFTs!$B$38,NFTs!$B$39)=TRUE,NFTs!$G$38,1)*IF(NFTs!$B$84=TRUE,NFTs!$G$84,1)*IF(NFTs!$B$98=TRUE,NFTs!$G$98,1)+IF(NFTs!$B$85=TRUE,NFTs!$G$85,0)+IF(NFTs!$B$103=TRUE,NFTs!$G$103,0)+IF(NFTs!$B$48=TRUE,NFTs!$G$48,0)+IF(NFTs!$B$49=TRUE,NFTs!$G$49,0)+IF(Skills!$B$34=TRUE,Skills!$F$34,0)+IF(NFTs!$B$45=TRUE,NFTs!$G$45,0)+IF(Skills!$B$45=TRUE,Skills!$G$45,0)+IF(Skills!$B$46=TRUE,Skills!$F$46,0)+IF(NFTs!$B$90=TRUE,NFTs!$G$90,0)+IF(NFTs!$B$87=TRUE,NFTs!$G$87,0)+(Buds!D21)+(Buds!M27)+IF(AND(Shrine!$I$30=TRUE,OR(Combo!$Y$32=\""Average Profit per Day\"",Combo!$Y$32=\""Lucro Médio por Dia\"")),Shrine!$O$30,0))*IF(NFTs!$B$86=TRUE,NFTs!$G$86,1)""}"
eggplant,Eggplant,crops,Crops,Advanced crops,15,crops/crops/eggplant.png,Informações CropsFrutasGH,19,B19,"[""Summer""]",Advanced,57600,,6.0,8.0,100.0,,1,0.010259,0.0,57600,6.0,8.0,100.0,1,SFL Hub recursos.js.descarga from uploaded Nueva carpeta (2).zip,"{""time_seconds"": 31395, ""seed_cost_coins"": 6.0, ""sell_coins"": 8.0, ""stock"": 120.0, ""yield_per_plot"": 2.657894737}","{""time_seconds"": ""=C19*IF(Skills!$B$17=TRUE,Skills!$F$17,1)*IF(Skills!$B$32=TRUE,Skills!$F$32,1)*IF(OR(NFTs!$B$37,NFTs!$B$38,NFTs!$B$39)=TRUE,NFTs!$G$37,1)*IF(NFTs!$B$47=TRUE,NFTs!$G$47,1)*IF(Skills!$B$39=TRUE,Skills!$F$39,1)*IF(NFTs!$B$68=TRUE,NFTs!$G$68,1)*IF(NFTs!$B$89=TRUE,NFTs!$G$89,1)*IF(NFTs!$B$88=TRUE,NFTs!$G$88,1)*(Buds!I21)*IF(Shrine!$B$21=TRUE,Shrine!$H$21,1)"", ""seed_cost_coins"": ""=D19*IF(NFTs!$B$39=TRUE,NFTs!$G$39,1)*IF(Skills!$B$26=TRUE,Skills!$F$26,1)"", ""sell_coins"": ""=E19*IF(Skills!$B$16=TRUE,Skills!$F$16,1)*IF(Skills!$B$40=TRUE,Skills!$F$40,1)"", ""stock"": ""=F19*IF(NFTs!$B$36=TRUE,NFTs!$G$36,1)"", ""yield_per_plot"": ""=(1*IF(Skills!$B$18=TRUE,Skills!$F$18,1)*IF(OR(NFTs!$B$38,NFTs!$B$39)=TRUE,NFTs!$G$38,1)*IF(NFTs!$B$84=TRUE,NFTs!$G$84,1)+IF(NFTs!$B$85=TRUE,NFTs!$G$85,0)+IF(NFTs!$B$103=TRUE,NFTs!$G$103,0)+IF(NFTs!$B$48=TRUE,NFTs!$G$48,0)+IF(NFTs!$B$49=TRUE,NFTs!$G$49,0)+IF(Skills!$B$36=TRUE,Skills!$F$36,0)+IF(NFTs!$B$46=TRUE,NFTs!$G$46,0)+IF(Skills!$B$45=TRUE,Skills!$F$45,0)+IF(Skills!$B$46=TRUE,Skills!$G$46,0)+IF(NFTs!$B$67=TRUE,NFTs!$G$67,0)+IF(NFTs!$B$69=TRUE,NFTs!$G$69,0)+IF(NFTs!$B$99=TRUE,NFTs!$G$99,0)+IF(NFTs!$B$90=TRUE,NFTs!$G$90,0)+IF(NFTs!$B$87=TRUE,NFTs!$G$87,0)+(Buds!F21)+(Buds!O27)+IF(AND(Shrine!$I$30=TRUE,OR(Combo!$Y$32=\""Average Profit per Day\"",Combo!$Y$32=\""Lucro Médio por Dia\"")),Shrine!$O$30,0))*IF(NFTs!$B$86=TRUE,NFTs!$G$86,1)""}"
corn,Corn,crops,Crops,Advanced crops,16,crops/crops/corn.png,Informações CropsFrutasGH,20,B20,"[""Spring""]",Advanced,72000,,7.0,9.0,100.0,,1,0.015491,0.0,72000,7.0,9.0,100.0,1,SFL Hub recursos.js.descarga from uploaded Nueva carpeta (2).zip,"{""time_seconds"": 52326, ""seed_cost_coins"": 7.0, ""sell_coins"": 9.0, ""stock"": 120.0, ""yield_per_plot"": 2.457894737}","{""time_seconds"": ""=C20*IF(Skills!$B$17=TRUE,Skills!$F$17,1)*IF(Skills!$B$32=TRUE,Skills!$F$32,1)*IF(OR(NFTs!$B$37,NFTs!$B$38,NFTs!$B$39)=TRUE,NFTs!$G$37,1)*IF(NFTs!$B$47=TRUE,NFTs!$G$47,1)*IF(Skills!$B$39=TRUE,Skills!$F$39,1)*IF(NFTs!$B$72=TRUE,NFTs!$G$72,1)*IF(NFTs!$B$89=TRUE,NFTs!$G$89,1)*IF(NFTs!$B$88=TRUE,NFTs!$G$88,1)*(Buds!I21)*IF(Shrine!$B$21=TRUE,Shrine!$H$21,1)"", ""seed_cost_coins"": ""=D20*IF(NFTs!$B$39=TRUE,NFTs!$G$39,1)*IF(Skills!$B$26=TRUE,Skills!$F$26,1)"", ""sell_coins"": ""=E20*IF(Skills!$B$16=TRUE,Skills!$F$16,1)*IF(Skills!$B$40=TRUE,Skills!$F$40,1)"", ""stock"": ""=F20*IF(NFTs!$B$36=TRUE,NFTs!$G$36,1)"", ""yield_per_plot"": ""=(1*IF(Skills!$B$18=TRUE,Skills!$F$18,1)*IF(OR(NFTs!$B$38,NFTs!$B$39)=TRUE,NFTs!$G$38,1)*IF(NFTs!$B$84=TRUE,NFTs!$G$84,1)+IF(NFTs!$B$85=TRUE,NFTs!$G$85,0)+IF(NFTs!$B$103=TRUE,NFTs!$G$103,0)+IF(NFTs!$B$48=TRUE,NFTs!$G$48,0)+IF(NFTs!$B$49=TRUE,NFTs!$G$49,0)+IF(Skills!$B$36=TRUE,Skills!$F$36,0)+IF(NFTs!$B$46=TRUE,NFTs!$G$46,0)+IF(Skills!$B$45=TRUE,Skills!$F$45,0)+IF(Skills!$B$46=TRUE,Skills!$G$46,0)+IF(NFTs!$B$70=TRUE,NFTs!$G$70,0)+IF(NFTs!$B$71=TRUE,NFTs!$G$71,0)+IF(NFTs!$B$100=TRUE,NFTs!$G$100,0)+IF(NFTs!$B$90=TRUE,NFTs!$G$90,0)+IF(NFTs!$B$87=TRUE,NFTs!$G$87,0)+IF(NFTs!$B$31=TRUE,NFTs!$G$31,0)+(Buds!F21)+(Buds!O27)+IF(AND(Shrine!$I$30=TRUE,OR(Combo!$Y$32=\""Average Profit per Day\"",Combo!$Y$32=\""Lucro Médio por Dia\"")),Shrine!$O$30,0))*IF(NFTs!$B$86=TRUE,NFTs!$G$86,1)""}"
onion,Onion,crops,Crops,Advanced crops,17,crops/crops/onion.png,Informações CropsFrutasGH,21,B21,"[""Winter""]",Advanced,72000,,7.0,10.0,100.0,,1,0.0156,0.0,72000,7.0,10.0,100.0,1,SFL Hub recursos.js.descarga from uploaded Nueva carpeta (2).zip,"{""time_seconds"": 52326, ""seed_cost_coins"": 7.0, ""sell_coins"": 10.0, ""stock"": 120.0, ""yield_per_plot"": 2.357894737}","{""time_seconds"": ""=C21*IF(Skills!$B$17=TRUE,Skills!$F$17,1)*IF(Skills!$B$32=TRUE,Skills!$F$32,1)*IF(OR(NFTs!$B$37,NFTs!$B$38,NFTs!$B$39)=TRUE,NFTs!$G$37,1)*IF(NFTs!$B$47=TRUE,NFTs!$G$47,1)*IF(Skills!$B$39=TRUE,Skills!$F$39,1)*IF(NFTs!$B$89=TRUE,NFTs!$G$89,1)*IF(NFTs!$B$88=TRUE,NFTs!$G$88,1)*(Buds!I21)*IF(Shrine!$B$21=TRUE,Shrine!$H$21,1)"", ""seed_cost_coins"": ""=D21*IF(NFTs!$B$39=TRUE,NFTs!$G$39,1)*IF(Skills!$B$26=TRUE,Skills!$F$26,1)*IF(NFTs!$B$101=TRUE,NFTs!$G$101,1)"", ""sell_coins"": ""=E21*IF(Skills!$B$16=TRUE,Skills!$F$16,1)*IF(Skills!$B$40=TRUE,Skills!$F$40,1)"", ""stock"": ""=F21*IF(NFTs!$B$36=TRUE,NFTs!$G$36,1)"", ""yield_per_plot"": ""=(1*IF(Skills!$B$18=TRUE,Skills!$F$18,1)*IF(OR(NFTs!$B$38,NFTs!$B$39)=TRUE,NFTs!$G$38,1)*IF(NFTs!$B$84=TRUE,NFTs!$G$84,1)+IF(NFTs!$B$85=TRUE,NFTs!$G$85,0)+IF(NFTs!$B$103=TRUE,NFTs!$G$103,0)+IF(NFTs!$B$48=TRUE,NFTs!$G$48,0)+IF(NFTs!$B$49=TRUE,NFTs!$G$49,0)+IF(Skills!$B$36=TRUE,Skills!$F$36,0)+IF(NFTs!$B$46=TRUE,NFTs!$G$46,0)+IF(Skills!$B$45=TRUE,Skills!$F$45,0)+IF(Skills!$B$46=TRUE,Skills!$G$46,0)+IF(NFTs!$B$90=TRUE,NFTs!$G$90,0)+IF(NFTs!$B$87=TRUE,NFTs!$G$87,0)+(Buds!F21)+(Buds!O27)+IF(NFTs!$B$73=TRUE,NFTs!$G$73,0)+IF(AND(Shrine!$I$30=TRUE,OR(Combo!$Y$32=\""Average Profit per Day\"",Combo!$Y$32=\""Lucro Médio por Dia\"")),Shrine!$O$30,0))*IF(NFTs!$B$86=TRUE,NFTs!$G$86,1)""}"
radish,Radish,crops,Crops,Advanced crops,18,crops/crops/radish.png,Informações CropsFrutasGH,23,B23,"[""Summer""]",Advanced,86400,,7.0,9.5,80.0,,1,0.01,0.0,86400,7.0,9.5,80.0,1,SFL Hub recursos.js.descarga from uploaded Nueva carpeta (2).zip,"{""time_seconds"": 62791, ""seed_cost_coins"": 7.0, ""sell_coins"": 9.5, ""stock"": 96.0, ""yield_per_plot"": 2.757894737}","{""time_seconds"": ""=C23*IF(Skills!$B$17=TRUE,Skills!$F$17,1)*IF(Skills!$B$32=TRUE,Skills!$F$32,1)*IF(OR(NFTs!$B$37,NFTs!$B$38,NFTs!$B$39)=TRUE,NFTs!$G$37,1)*IF(NFTs!$B$47=TRUE,NFTs!$G$47,1)*IF(Skills!$B$39=TRUE,Skills!$F$39,1)*IF(NFTs!$B$89=TRUE,NFTs!$G$89,1)*IF(NFTs!$B$88=TRUE,NFTs!$G$88,1)*(Buds!I21)*IF(Shrine!$B$21=TRUE,Shrine!$H$21,1)"", ""seed_cost_coins"": ""=D23*IF(NFTs!$B$39=TRUE,NFTs!$G$39,1)*IF(Skills!$B$26=TRUE,Skills!$F$26,1)"", ""sell_coins"": ""=E23*IF(Skills!$B$16=TRUE,Skills!$F$16,1)*IF(Skills!$B$40=TRUE,Skills!$F$40,1)"", ""stock"": ""=F23*IF(NFTs!$B$36=TRUE,NFTs!$G$36,1)"", ""yield_per_plot"": ""=(1*IF(Skills!$B$18=TRUE,Skills!$F$18,1)*IF(OR(NFTs!$B$38,NFTs!$B$39)=TRUE,NFTs!$G$38,1)*IF(NFTs!$B$84=TRUE,NFTs!$G$84,1)+IF(NFTs!$B$85=TRUE,NFTs!$G$85,0)+IF(NFTs!$B$103=TRUE,NFTs!$G$103,0)+IF(NFTs!$B$48=TRUE,NFTs!$G$48,0)+IF(NFTs!$B$49=TRUE,NFTs!$G$49,0)+IF(Skills!$B$36=TRUE,Skills!$F$36,0)+IF(NFTs!$B$46=TRUE,NFTs!$G$46,0)+IF(Skills!$B$45=TRUE,Skills!$F$45,0)+IF(Skills!$B$46=TRUE,Skills!$G$46,0)+IF(NFTs!$B$75=TRUE,NFTs!$G$75,0)+IF(NFTs!$B$76=TRUE,NFTs!$G$76,0)+IF(NFTs!$B$90=TRUE,NFTs!$G$90,0)+IF(NFTs!$B$87=TRUE,NFTs!$G$87,0)+(Buds!F21)+(Buds!O27)+IF(NFTs!$B$77=TRUE,NFTs!G77,0)+IF(AND(Shrine!$I$30=TRUE,OR(Combo!$Y$32=\""Average Profit per Day\"",Combo!$Y$32=\""Lucro Médio por Dia\"")),Shrine!$O$30,0))*IF(NFTs!$B$86=TRUE,NFTs!$G$86,1)""}"
wheat,Wheat,crops,Crops,Advanced crops,19,crops/crops/wheat.png,Informações CropsFrutasGH,24,B24,"[""Spring"", ""Summer"", ""Autumn"", ""Winter""]",Advanced,86400,,5.0,7.0,80.0,,1,0.01469,0.0,86400,5.0,7.0,80.0,1,SFL Hub recursos.js.descarga from uploaded Nueva carpeta (2).zip,"{""time_seconds"": 62791, ""seed_cost_coins"": 5.0, ""sell_coins"": 7.0, ""stock"": 96.0, ""yield_per_plot"": 2.357894737}","{""time_seconds"": ""=C24*IF(Skills!$B$17=TRUE,Skills!$F$17,1)*IF(Skills!$B$32=TRUE,Skills!$F$32,1)*IF(OR(NFTs!$B$37,NFTs!$B$38,NFTs!$B$39)=TRUE,NFTs!$G$37,1)*IF(NFTs!$B$47=TRUE,NFTs!$G$47,1)*IF(Skills!$B$39=TRUE,Skills!$F$39,1)*IF(NFTs!$B$89=TRUE,NFTs!$G$89,1)*IF(NFTs!$B$88=TRUE,NFTs!$G$88,1)*(Buds!I21)*IF(Shrine!$B$21=TRUE,Shrine!$H$21,1)"", ""seed_cost_coins"": ""=D24*IF(NFTs!$B$39=TRUE,NFTs!$G$39,1)*IF(Skills!$B$26=TRUE,Skills!$F$26,1)"", ""sell_coins"": ""=E24*IF(Skills!$B$16=TRUE,Skills!$F$16,1)*IF(Skills!$B$40=TRUE,Skills!$F$40,1)"", ""stock"": ""=F24*IF(NFTs!$B$36=TRUE,NFTs!$G$36,1)"", ""yield_per_plot"": ""=(1*IF(Skills!$B$18=TRUE,Skills!$F$18,1)*IF(OR(NFTs!$B$38,NFTs!$B$39)=TRUE,NFTs!$G$38,1)*IF(NFTs!$B$84=TRUE,NFTs!$G$84,1)+IF(NFTs!$B$85=TRUE,NFTs!$G$85,0)+IF(NFTs!$B$103=TRUE,NFTs!$G$103,0)+IF(NFTs!$B$48=TRUE,NFTs!$G$48,0)+IF(NFTs!$B$49=TRUE,NFTs!$G$49,0)+IF(Skills!$B$36=TRUE,Skills!$F$36,0)+IF(NFTs!$B$46=TRUE,NFTs!$G$46,0)+IF(Skills!$B$45=TRUE,Skills!$F$45,0)+IF(Skills!$B$46=TRUE,Skills!$G$46,0)+IF(NFTs!$B$75=TRUE,NFTs!$G$75,0)+IF(NFTs!$B$102=TRUE,NFTs!$G$102,0)+IF(NFTs!$B$90=TRUE,NFTs!$G$90,0)+IF(NFTs!$B$87=TRUE,NFTs!$G$87,0)+(Buds!F21)+(Buds!O27)+IF(AND(Shrine!$I$30=TRUE,OR(Combo!$Y$32=\""Average Profit per Day\"",Combo!$Y$32=\""Lucro Médio por Dia\"")),Shrine!$O$30,0))*IF(NFTs!$B$86=TRUE,NFTs!$G$86,1)""}"
turnip,Turnip,crops,Crops,Advanced crops,20,crops/crops/turnip.png,Informações CropsFrutasGH,22,B22,"[""Winter""]",Advanced,86400,,5.0,8.0,80.0,,1,0.0136,0.0,86400,5.0,8.0,80.0,1,SFL Hub recursos.js.descarga from uploaded Nueva carpeta (2).zip,"{""time_seconds"": 62791, ""seed_cost_coins"": 5.0, ""sell_coins"": 8.0, ""stock"": 96.0, ""yield_per_plot"": 2.357894737}","{""time_seconds"": ""=C22*IF(Skills!$B$17=TRUE,Skills!$F$17,1)*IF(Skills!$B$32=TRUE,Skills!$F$32,1)*IF(OR(NFTs!$B$37,NFTs!$B$38,NFTs!$B$39)=TRUE,NFTs!$G$37,1)*IF(NFTs!$B$47=TRUE,NFTs!$G$47,1)*IF(Skills!$B$39=TRUE,Skills!$F$39,1)*IF(NFTs!$B$89=TRUE,NFTs!$G$89,1)*IF(NFTs!$B$88=TRUE,NFTs!$G$88,1)*IF(NFTs!$B$74=TRUE,NFTs!$G$74,1)*(Buds!I21)*IF(Shrine!$B$21=TRUE,Shrine!$H$21,1)"", ""seed_cost_coins"": ""=D22*IF(NFTs!$B$39=TRUE,NFTs!$G$39,1)*IF(Skills!$B$26=TRUE,Skills!$F$26,1)"", ""sell_coins"": ""=E22*IF(Skills!$B$16=TRUE,Skills!$F$16,1)*IF(Skills!$B$40=TRUE,Skills!$F$40,1)"", ""stock"": ""=F22*IF(NFTs!$B$36=TRUE,NFTs!$G$36,1)"", ""yield_per_plot"": ""=(1*IF(Skills!$B$18=TRUE,Skills!$F$18,1)*IF(OR(NFTs!$B$38,NFTs!$B$39)=TRUE,NFTs!$G$38,1)*IF(NFTs!$B$84=TRUE,NFTs!$G$84,1)+IF(NFTs!$B$85=TRUE,NFTs!$G$85,0)+IF(NFTs!$B$103=TRUE,NFTs!$G$103,0)+IF(NFTs!$B$48=TRUE,NFTs!$G$48,0)+IF(NFTs!$B$49=TRUE,NFTs!$G$49,0)+IF(Skills!$B$36=TRUE,Skills!$F$36,0)+IF(NFTs!$B$46=TRUE,NFTs!$G$46,0)+IF(Skills!$B$45=TRUE,Skills!$F$45,0)+IF(Skills!$B$46=TRUE,Skills!$G$46,0)+IF(NFTs!$B$90=TRUE,NFTs!$G$90,0)+IF(NFTs!$B$87=TRUE,NFTs!$G$87,0)+(Buds!F21)+(Buds!O27)+IF(AND(Shrine!$I$30=TRUE,OR(Combo!$Y$32=\""Average Profit per Day\"",Combo!$Y$32=\""Lucro Médio por Dia\"")),Shrine!$O$30,0))*IF(NFTs!$B$86=TRUE,NFTs!$G$86,1)""}"
kale,Kale,crops,Crops,Advanced crops,21,crops/crops/kale.png,Informações CropsFrutasGH,25,B25,"[""Spring"", ""Winter""]",Advanced,129600,,7.0,10.0,60.0,,1,0.0231,0.0,129600,7.0,10.0,60.0,1,SFL Hub recursos.js.descarga from uploaded Nueva carpeta (2).zip,"{""time_seconds"": 94186, ""seed_cost_coins"": 7.0, ""sell_coins"": 10.0, ""stock"": 72.0, ""yield_per_plot"": 2.557894737}","{""time_seconds"": ""=C25*IF(Skills!$B$17=TRUE,Skills!$F$17,1)*IF(Skills!$B$32=TRUE,Skills!$F$32,1)*IF(OR(NFTs!$B$37,NFTs!$B$38,NFTs!$B$39)=TRUE,NFTs!$G$37,1)*IF(NFTs!$B$47=TRUE,NFTs!$G$47,1)*IF(Skills!$B$39=TRUE,Skills!$F$39,1)*IF(NFTs!$B$89=TRUE,NFTs!$G$89,1)*IF(NFTs!$B$88=TRUE,NFTs!$G$88,1)*(Buds!I21)*IF(Shrine!$B$21=TRUE,Shrine!$H$21,1)"", ""seed_cost_coins"": ""=D25*IF(NFTs!$B$39=TRUE,NFTs!$G$39,1)*IF(Skills!$B$26=TRUE,Skills!$F$26,1)"", ""sell_coins"": ""=E25*IF(Skills!$B$16=TRUE,Skills!$F$16,1)*IF(Skills!$B$40=TRUE,Skills!$F$40,1)"", ""stock"": ""=F25*IF(NFTs!$B$36=TRUE,NFTs!$G$36,1)"", ""yield_per_plot"": ""=(1*IF(Skills!$B$18=TRUE,Skills!$F$18,1)*IF(OR(NFTs!$B$38,NFTs!$B$39)=TRUE,NFTs!$G$38,1)*IF(NFTs!$B$84=TRUE,NFTs!$G$84,1)+IF(NFTs!$B$85=TRUE,NFTs!$G$85,0)+IF(NFTs!$B$103=TRUE,NFTs!$G$103,0)+IF(NFTs!$B$48=TRUE,NFTs!$G$48,0)+IF(NFTs!$B$49=TRUE,NFTs!$G$49,0)+IF(Skills!$B$36=TRUE,Skills!$F$36,0)+IF(NFTs!$B$46=TRUE,NFTs!$G$46,0)+IF(Skills!$B$45=TRUE,Skills!$F$45,0)+IF(Skills!$B$46=TRUE,Skills!$G$46,0)+IF(NFTs!$B$75=TRUE,NFTs!$G$75,0)+IF(NFTs!$B$78=TRUE,NFTs!$G$78,0)+IF(NFTs!$B$90=TRUE,NFTs!$G$90,0)+IF(NFTs!$B$87=TRUE,NFTs!$G$87,0)+(Buds!F21)+IF(NFTs!$B$79=TRUE,NFTs!$G$79,0)+(Buds!O27)+IF(AND(Shrine!$I$30=TRUE,OR(Combo!$Y$32=\""Average Profit per Day\"",Combo!$Y$32=\""Lucro Médio por Dia\"")),Shrine!$O$30,0))*IF(NFTs!$B$86=TRUE,NFTs!$G$86,1)""}"
artichoke,Artichoke,crops,Crops,Advanced crops,22,crops/crops/artichoke.png,Informações CropsFrutasGH,26,B26,"[""Autumn""]",Advanced,129600,,7.0,12.0,60.0,,1,0.0189,0.0,129600,7.0,12.0,60.0,1,SFL Hub recursos.js.descarga from uploaded Nueva carpeta (2).zip,"{""time_seconds"": 94186, ""seed_cost_coins"": 7.0, ""sell_coins"": 12.0, ""stock"": 72.0, ""yield_per_plot"": 2.357894737}","{""time_seconds"": ""=C26*IF(Skills!$B$17=TRUE,Skills!$F$17,1)*IF(Skills!$B$32=TRUE,Skills!$F$32,1)*IF(OR(NFTs!$B$37,NFTs!$B$38,NFTs!$B$39)=TRUE,NFTs!$G$37,1)*IF(NFTs!$B$47=TRUE,NFTs!$G$47,1)*IF(Skills!$B$39=TRUE,Skills!$F$39,1)*IF(NFTs!$B$89=TRUE,NFTs!$G$89,1)*IF(NFTs!$B$88=TRUE,NFTs!$G$88,1)*(Buds!I21)*IF(Shrine!$B$21=TRUE,Shrine!$H$21,1)"", ""seed_cost_coins"": ""=D26*IF(NFTs!$B$39=TRUE,NFTs!$G$39,1)*IF(Skills!$B$26=TRUE,Skills!$F$26,1)"", ""sell_coins"": ""=E26*IF(Skills!$B$16=TRUE,Skills!$F$16,1)*IF(Skills!$B$40=TRUE,Skills!$F$40,1)"", ""stock"": ""=F26*IF(NFTs!$B$36=TRUE,NFTs!$G$36,1)"", ""yield_per_plot"": ""=(1*IF(Skills!$B$18=TRUE,Skills!$F$18,1)*IF(OR(NFTs!$B$38,NFTs!$B$39)=TRUE,NFTs!$G$38,1)*IF(NFTs!$B$84=TRUE,NFTs!$G$84,1)+IF(NFTs!$B$85=TRUE,NFTs!$G$85,0)+IF(NFTs!$B$103=TRUE,NFTs!$G$103,0)+IF(NFTs!$B$48=TRUE,NFTs!$G$48,0)+IF(NFTs!$B$49=TRUE,NFTs!$G$49,0)+IF(Skills!$B$36=TRUE,Skills!$F$36,0)+IF(NFTs!$B$46=TRUE,NFTs!$G$46,0)+IF(Skills!$B$45=TRUE,Skills!$F$45,0)+IF(Skills!$B$46=TRUE,Skills!$G$46,0)+IF(NFTs!$B$90=TRUE,NFTs!$H$90,0)+IF(NFTs!$B$87=TRUE,NFTs!$H$87,0)+(Buds!G21)+(Buds!P27)+IF(NFTs!$B$80=TRUE,NFTs!$G$80,0)+IF(AND(Shrine!$I$30=TRUE,OR(Combo!$Y$32=\""Average Profit per Day\"",Combo!$Y$32=\""Lucro Médio por Dia\"")),Shrine!$O$30,0))*IF(NFTs!$B$86=TRUE,NFTs!$G$86,1)""}"
barley,Barley,crops,Crops,Advanced crops,23,crops/crops/barley.png,Informações CropsFrutasGH,27,B27,"[""Spring"", ""Autumn""]",Advanced,172800,,10.0,12.0,60.0,,1,0.02936333,0.0,172800,10.0,12.0,60.0,1,SFL Hub recursos.js.descarga from uploaded Nueva carpeta (2).zip,"{""time_seconds"": 125582, ""seed_cost_coins"": 10.0, ""sell_coins"": 12.0, ""stock"": 72.0, ""yield_per_plot"": 2.357894737}","{""time_seconds"": ""=C27*IF(Skills!$B$17=TRUE,Skills!$F$17,1)*IF(Skills!$B$32=TRUE,Skills!$F$32,1)*IF(OR(NFTs!$B$37,NFTs!$B$38,NFTs!$B$39)=TRUE,NFTs!$G$37,1)*IF(NFTs!$B$47=TRUE,NFTs!$G$47,1)*IF(Skills!$B$39=TRUE,Skills!$F$39,1)*IF(NFTs!$B$89=TRUE,NFTs!$G$89,1)*IF(NFTs!$B$88=TRUE,NFTs!$G$88,1)*(Buds!I21)*IF(Shrine!$B$21=TRUE,Shrine!$H$21,1)"", ""seed_cost_coins"": ""=D27*IF(NFTs!$B$39=TRUE,NFTs!$G$39,1)*IF(Skills!$B$26=TRUE,Skills!$F$26,1)"", ""sell_coins"": ""=E27*IF(Skills!$B$16=TRUE,Skills!$F$16,1)*IF(Skills!$B$40=TRUE,Skills!$F$40,1)"", ""stock"": ""=F27*IF(NFTs!$B$36=TRUE,NFTs!$G$36,1)"", ""yield_per_plot"": ""=(1*IF(Skills!$B$18=TRUE,Skills!$F$18,1)*IF(OR(NFTs!$B$38,NFTs!$B$39)=TRUE,NFTs!$G$38,1)*IF(NFTs!$B$84=TRUE,NFTs!$G$84,1)+IF(NFTs!$B$85=TRUE,NFTs!$G$85,0)+IF(NFTs!$B$103=TRUE,NFTs!$G$103,0)+IF(NFTs!$B$48=TRUE,NFTs!$G$48,0)+IF(NFTs!$B$49=TRUE,NFTs!$G$49,0)+IF(Skills!$B$36=TRUE,Skills!$F$36,0)+IF(NFTs!$B$46=TRUE,NFTs!$G$46,0)+IF(Skills!$B$45=TRUE,Skills!$F$45,0)+IF(Skills!$B$46=TRUE,Skills!$G$46,0)+IF(NFTs!$B$75=TRUE,NFTs!$G$75,0)+IF(NFTs!$B$81=TRUE,NFTs!$G$81,0)+IF(NFTs!$B$90=TRUE,NFTs!$G$90,0)+IF(NFTs!$B$87=TRUE,NFTs!$G$87,0)+(Buds!F21)+(Buds!O27)+IF(AND(Shrine!$I$30=TRUE,OR(Combo!$Y$32=\""Average Profit per Day\"",Combo!$Y$32=\""Lucro Médio por Dia\"")),Shrine!$O$30,0))*IF(NFTs!$B$86=TRUE,NFTs!$G$86,1)""}"
coffee,Coffee,crops,Crops,Other crops,123,crops/placeholder.svg,Informações CropsFrutasGH,18,B18,[],,43200,,,,,,,,,31395,0.0,0.0,0.0,2.357894737,,"{""time_seconds"": 31395, ""seed_cost_coins"": 0.0, ""sell_coins"": 0.0, ""stock"": 0.0, ""yield_per_plot"": 2.357894737}","{""time_seconds"": ""=C18*IF(Skills!$B$17=TRUE,Skills!$F$17,1)*IF(Skills!$B$32=TRUE,Skills!$F$32,1)*IF(OR(NFTs!$B$37,NFTs!$B$38,NFTs!$B$39)=TRUE,NFTs!$G$37,1)*IF(NFTs!$B$47=TRUE,NFTs!$G$47,1)*IF(Skills!$B$39=TRUE,Skills!$F$39,1)*IF(NFTs!$B$89=TRUE,NFTs!$G$89,1)*IF(NFTs!$B$88=TRUE,NFTs!$G$88,1)*(Buds!I21)*IF(Shrine!$B$21=TRUE,Shrine!$H$21,1)"", ""seed_cost_coins"": ""=D18*IF(NFTs!$B$39=TRUE,NFTs!$G$39,1)*IF(Skills!$B$26=TRUE,Skills!$F$26,1)"", ""sell_coins"": ""=E18*IF(Skills!$B$16=TRUE,Skills!$F$16,1)*IF(Skills!$B$40=TRUE,Skills!$F$40,1)"", ""stock"": ""=F18*IF(NFTs!$B$36=TRUE,NFTs!$G$36,1)"", ""yield_per_plot"": ""=(1*IF(Skills!$B$18=TRUE,Skills!$F$18,1)*IF(OR(NFTs!$B$38,NFTs!$B$39)=TRUE,NFTs!$G$38,1)*IF(NFTs!$B$84=TRUE,NFTs!$G$84,1)+IF(NFTs!$B$85=TRUE,NFTs!$G$85,0)+IF(NFTs!$B$103=TRUE,NFTs!$G$103,0)+IF(NFTs!$B$48=TRUE,NFTs!$G$48,0)+IF(NFTs!$B$49=TRUE,NFTs!$G$49,0)+IF(Skills!$B$36=TRUE,Skills!$F$36,0)+IF(NFTs!$B$46=TRUE,NFTs!$G$46,0)+IF(Skills!$B$45=TRUE,Skills!$F$45,0)+IF(Skills!$B$46=TRUE,Skills!$G$46,0)+IF(NFTs!$B$90=TRUE,NFTs!$G$90,0)+IF(NFTs!$B$87=TRUE,NFTs!$G$87,0)+(Buds!F21)+(Buds!O27)+IF(AND(Shrine!$I$30=TRUE,OR(Combo!$Y$32=\""Average Profit per Day\"",Combo!$Y$32=\""Lucro Médio por Dia\"")),Shrine!$O$30,0))*IF(NFTs!$B$86=TRUE,NFTs!$G$86,1)""}"
tomato,Tomato,fruits,Fruits,,,crops/fruits/tomato.png,Informações CropsFrutasGH,33,B33,"[""Spring"", ""Autumn""]",,7200,4.0,5.0,2.0,20.0,,1,0.004988,0.0,7200,5.0,2.0,20.0,1,SFL Hub recursos.js.descarga from uploaded Nueva carpeta (2).zip,"{""time_seconds"": 7200, ""harvests"": 6.0, ""seed_cost_coins"": 5.0, ""sell_coins"": 2.0, ""stock"": 24.0, ""yield_per_plot"": 1.6, ""axes"": 1.0, ""wood"": 1.0}","{""time_seconds"": ""=C33*IF(Skills!$B$58=TRUE,Skills!$F$58,1)*IF(Skills!$B$64=TRUE,Skills!$F$65,1)*IF(Skills!$B$66=TRUE,Skills!$F$67,1)*IF(NFTs!$B$111=TRUE,NFTs!$G$111,1)*IF(NFTs!$B$112=TRUE,NFTs!$G$112,1)*IF(NFTs!$B$110=TRUE,NFTs!$G$110,1)*IF(Shrine!$B$27=TRUE,Shrine!$H$27,1)"", ""harvests"": ""=D33+IF(NFTs!$B$108=TRUE,NFTs!$G$108,0)"", ""seed_cost_coins"": ""=E33*IF(Skills!$B$53=TRUE,Skills!$F$53,1)*IF(NFTs!$B$39=TRUE,NFTs!$G$39,1)*IF(Skills!$B$26=TRUE,Skills!$F$26,1)"", ""sell_coins"": ""=F33"", ""stock"": ""=G33*IF(NFTs!$B$36=TRUE,NFTs!$G$36,1)+IF(Skills!$B$61=TRUE,Skills!$F$61,0)"", ""yield_per_plot"": ""=1+IF(Skills!$B$52=TRUE,Skills!$F$52,0)+IF(Skills!$B$63=TRUE,Skills!$F$63,0)+IF(NFTs!$B$109=TRUE,NFTs!$G$109,0)+IF(NFTs!$B$124=TRUE,NFTs!$G$124,0)+IF(Skills!$B$68=TRUE,Skills!$F$68,0)+IF(NFTs!$B$103=TRUE,NFTs!$G$103,0)+IF(NFTs!$B$113=TRUE,NFTs!$G$113,0)+(Buds!L21)+IF(AND(Shrine!$I$30=TRUE,OR(Combo!$Y$32=\""Average Profit per Day\"",Combo!$Y$32=\""Lucro Médio por Dia\"")),Shrine!$O$30,0)"", ""axes"": ""=1*IF(Skills!$B$20=TRUE,Skills!$F$20,1)*IF(NFTs!$J$22=TRUE,NFTs!$O$22,1)*IF(Skills!$B$56=TRUE,Skills!$F$56,1)"", ""wood"": ""=1+IF(Skills!$B$56=TRUE,Skills!$G$56,0)+IF(Skills!$B$59=TRUE,Skills!$F$59,0)""}"
lemon,Lemon,fruits,Fruits,,,crops/fruits/lemon.png,Informações CropsFrutasGH,34,B34,"[""Summer"", ""Winter""]",,14400,4.0,15.0,6.0,20.0,,1,0.01189333,0.0,14400,15.0,6.0,20.0,1,SFL Hub recursos.js.descarga from uploaded Nueva carpeta (2).zip,"{""time_seconds"": 14400, ""harvests"": 6.0, ""seed_cost_coins"": 15.0, ""sell_coins"": 6.0, ""stock"": 24.0, ""yield_per_plot"": 1.6, ""axes"": 1.0, ""wood"": 1.0}","{""time_seconds"": ""=C34*IF(Skills!$B$58=TRUE,Skills!$F$58,1)*IF(Skills!$B$64=TRUE,Skills!$F$65,1)*IF(Skills!$B$66=TRUE,Skills!$F$67,1)*IF(NFTs!$B$116=TRUE,NFTs!$G$116,1)*IF(NFTs!$B$117=TRUE,NFTs!$G$117,1)*IF(NFTs!$B$110=TRUE,NFTs!$G$110,1)*IF(Shrine!$B$27=TRUE,Shrine!$H$27,1)"", ""harvests"": ""=D34+IF(NFTs!$B$108=TRUE,NFTs!$G$108,0)"", ""seed_cost_coins"": ""=E34*IF(Skills!$B$53=TRUE,Skills!$F$53,1)*IF(NFTs!$B$39=TRUE,NFTs!$G$39,1)*IF(Skills!$B$26=TRUE,Skills!$F$26,1)"", ""sell_coins"": ""=F34"", ""stock"": ""=G34*IF(NFTs!$B$36=TRUE,NFTs!$G$36,1)+IF(Skills!$B$61=TRUE,Skills!$F$61,0)"", ""yield_per_plot"": ""=1+IF(Skills!$B$52=TRUE,Skills!$F$52,0)+IF(Skills!$B$63=TRUE,Skills!$F$63,0)+IF(NFTs!$B$109=TRUE,NFTs!$G$109,0)+IF(NFTs!$B$124=TRUE,NFTs!$G$124,0)+IF(Skills!$B$68=TRUE,Skills!$F$68,0)+IF(NFTs!$B$103=TRUE,NFTs!$G$103,0)+IF(NFTs!$B$114=TRUE,NFTs!$G$114,0)+IF(NFTs!$B$115=TRUE,NFTs!$G$115,0)+IF(NFTs!$B$126=TRUE,NFTs!$G$126,0)+(Buds!L21)+IF(AND(Shrine!$I$30=TRUE,OR(Combo!$Y$32=\""Average Profit per Day\"",Combo!$Y$32=\""Lucro Médio por Dia\"")),Shrine!$O$30,0)"", ""axes"": ""=1*IF(Skills!$B$20=TRUE,Skills!$F$20,1)*IF(NFTs!$J$22=TRUE,NFTs!$O$22,1)*IF(Skills!$B$56=TRUE,Skills!$F$56,1)"", ""wood"": ""=1+IF(Skills!$B$56=TRUE,Skills!$G$56,0)+IF(Skills!$B$59=TRUE,Skills!$F$59,0)""}"
blueberry,Blueberry,fruits,Fruits,,,crops/fruits/blueberry.png,Informações CropsFrutasGH,36,B36,"[""Spring"", ""Winter""]",,21600,4.0,30.0,12.0,20.0,,1,0.01785,0.0,21600,30.0,12.0,20.0,1,SFL Hub recursos.js.descarga from uploaded Nueva carpeta (2).zip,"{""time_seconds"": 21600, ""harvests"": 6.0, ""seed_cost_coins"": 30.0, ""sell_coins"": 12.0, ""stock"": 24.0, ""yield_per_plot"": 1.7, ""axes"": 1.0, ""wood"": 1.0}","{""time_seconds"": ""=C36*IF(Skills!$B$58=TRUE,Skills!$F$58,1)*IF(Skills!$B$64=TRUE,Skills!$F$65,1)*IF(Skills!$B$66=TRUE,Skills!$F$66,1)*IF(NFTs!$B$110=TRUE,NFTs!$G$110,1)*IF(Shrine!$B$27=TRUE,Shrine!$H$27,1)"", ""harvests"": ""=D36+IF(NFTs!$B$108=TRUE,NFTs!$G$108,0)"", ""seed_cost_coins"": ""=E36*IF(Skills!$B$53=TRUE,Skills!$F$53,1)*IF(NFTs!$B$39=TRUE,NFTs!$G$39,1)*IF(Skills!$B$26=TRUE,Skills!$F$26,1)"", ""sell_coins"": ""=F36"", ""stock"": ""=G36*IF(NFTs!$B$36=TRUE,NFTs!$G$36,1)"", ""yield_per_plot"": ""=1+IF(Skills!$B$52=TRUE,Skills!$F$52,0)+IF(Skills!$B$63=TRUE,Skills!$F$63,0)+IF(NFTs!$B$109=TRUE,NFTs!$G$109,0)+IF(NFTs!$B$124=TRUE,NFTs!$G$124,0)+IF(Skills!$B$68=TRUE,Skills!$F$69,0)+IF(NFTs!$B$103=TRUE,NFTs!$G$103,0)+IF(NFTs!$B$118=TRUE,NFTs!$G$118,0)+IF(NFTs!$B$125=TRUE,NFTs!$G$125,0)+(Buds!L21)+IF(AND(Shrine!$I$30=TRUE,OR(Combo!$Y$32=\""Average Profit per Day\"",Combo!$Y$32=\""Lucro Médio por Dia\"")),Shrine!$O$30,0)"", ""axes"": ""=1*IF(Skills!$B$20=TRUE,Skills!$F$20,1)*IF(NFTs!$J$22=TRUE,NFTs!$O$22,1)*IF(Skills!$B$56=TRUE,Skills!$F$56,1)"", ""wood"": ""=1+IF(Skills!$B$56=TRUE,Skills!$G$56,0)+IF(Skills!$B$59=TRUE,Skills!$F$59,0)""}"
orange,Orange,fruits,Fruits,,,crops/fruits/orange.png,Informações CropsFrutasGH,38,B38,"[""Spring"", ""Summer""]",,28800,4.0,50.0,18.0,20.0,,1,0.019999,0.0,28800,50.0,18.0,20.0,1,SFL Hub recursos.js.descarga from uploaded Nueva carpeta (2).zip,"{""time_seconds"": 14400, ""harvests"": 6.0, ""seed_cost_coins"": 50.0, ""sell_coins"": 18.0, ""stock"": 24.0, ""yield_per_plot"": 1.7, ""axes"": 1.0, ""wood"": 1.0}","{""time_seconds"": ""=C38*IF(Skills!$B$58=TRUE,Skills!$F$58,1)*IF(Skills!$B$64=TRUE,Skills!$F$65,1)*IF(Skills!$B$66=TRUE,Skills!$F$66,1)*IF(NFTs!$B$119=TRUE,NFTs!$G$119,1)*IF(NFTs!$B$110=TRUE,NFTs!$G$110,1)*IF(Shrine!$B$27=TRUE,Shrine!$H$27,1)"", ""harvests"": ""=D38+IF(NFTs!$B$108=TRUE,NFTs!$G$108,0)"", ""seed_cost_coins"": ""=E38*IF(Skills!$B$53=TRUE,Skills!$F$53,1)*IF(NFTs!$B$39=TRUE,NFTs!$G$39,1)*IF(Skills!$B$26=TRUE,Skills!$F$26,1)"", ""sell_coins"": ""=F38"", ""stock"": ""=G38*IF(NFTs!$B$36=TRUE,NFTs!$G$36,1)"", ""yield_per_plot"": ""=1+IF(Skills!$B$52=TRUE,Skills!$F$52,0)+IF(Skills!$B$63=TRUE,Skills!$F$63,0)+IF(NFTs!$B$109=TRUE,NFTs!$G$109,0)+IF(NFTs!$B$124=TRUE,NFTs!$G$124,0)+IF(Skills!$B$68=TRUE,Skills!$F$69,0)+IF(NFTs!$B$103=TRUE,NFTs!$G$103,0)+IF(NFTs!$B$125=TRUE,NFTs!$G$125,0)+(Buds!L21)+IF(AND(Shrine!$I$30=TRUE,OR(Combo!$Y$32=\""Average Profit per Day\"",Combo!$Y$32=\""Lucro Médio por Dia\"")),Shrine!$O$30,0)"", ""axes"": ""=1*IF(Skills!$B$20=TRUE,Skills!$F$20,1)*IF(NFTs!$J$22=TRUE,NFTs!$O$22,1)*IF(Skills!$B$56=TRUE,Skills!$F$56,1)"", ""wood"": ""=1+IF(Skills!$B$56=TRUE,Skills!$G$56,0)+IF(Skills!$B$59=TRUE,Skills!$F$59,0)""}"
apple,Apple,fruits,Fruits,,,crops/fruits/apple.png,Informações CropsFrutasGH,39,B39,"[""Autumn"", ""Winter""]",,43200,4.0,70.0,25.0,20.0,,1,0.027475,0.0,43200,70.0,25.0,20.0,1,SFL Hub recursos.js.descarga from uploaded Nueva carpeta (2).zip,"{""time_seconds"": 43200, ""harvests"": 6.0, ""seed_cost_coins"": 70.0, ""sell_coins"": 25.0, ""stock"": 24.0, ""yield_per_plot"": 1.7, ""axes"": 1.0, ""wood"": 1.0}","{""time_seconds"": ""=C39*IF(Skills!$B$58=TRUE,Skills!$F$58,1)*IF(Skills!$B$64=TRUE,Skills!$F$64,1)*IF(Skills!$B$66=TRUE,Skills!$F$67,1)*IF(NFTs!$B$110=TRUE,NFTs!$G$110,1)*IF(Shrine!$B$27=TRUE,Shrine!$H$27,1)"", ""harvests"": ""=D39+IF(NFTs!$B$108=TRUE,NFTs!$G$108,0)"", ""seed_cost_coins"": ""=E39*IF(Skills!$B$53=TRUE,Skills!$F$53,1)*IF(NFTs!$B$39=TRUE,NFTs!$G$39,1)*IF(Skills!$B$26=TRUE,Skills!$F$26,1)"", ""sell_coins"": ""=F39"", ""stock"": ""=G39*IF(NFTs!$B$36=TRUE,NFTs!$G$36,1)"", ""yield_per_plot"": ""=1+IF(Skills!$B$52=TRUE,Skills!$F$52,0)+IF(Skills!$B$63=TRUE,Skills!$F$63,0)+IF(NFTs!$B$109=TRUE,NFTs!$G$109,0)+IF(NFTs!$B$124=TRUE,NFTs!$G$124,0)+IF(Skills!$B$68=TRUE,Skills!$F$69,0)+IF(NFTs!$B$103=TRUE,NFTs!$G$103,0)+IF(NFTs!$B$120=TRUE,NFTs!$G$120,0)+IF(NFTs!$B$125=TRUE,NFTs!$G$125,0)+(Buds!L21)+IF(AND(Shrine!$I$30=TRUE,OR(Combo!$Y$32=\""Average Profit per Day\"",Combo!$Y$32=\""Lucro Médio por Dia\"")),Shrine!$O$30,0)"", ""axes"": ""=1*IF(Skills!$B$20=TRUE,Skills!$F$20,1)*IF(NFTs!$J$22=TRUE,NFTs!$O$22,1)*IF(Skills!$B$56=TRUE,Skills!$F$56,1)"", ""wood"": ""=1+IF(Skills!$B$56=TRUE,Skills!$G$56,0)+IF(Skills!$B$59=TRUE,Skills!$F$59,0)""}"
banana,Banana,fruits,Fruits,,,crops/fruits/banana.png,Informações CropsFrutasGH,40,B40,"[""Summer"", ""Autumn""]",,43200,4.0,70.0,25.0,20.0,,1,0.02494872,0.0,43200,70.0,25.0,20.0,1,SFL Hub recursos.js.descarga from uploaded Nueva carpeta (2).zip,"{""time_seconds"": 43200, ""harvests"": 6.0, ""seed_cost_coins"": 70.0, ""sell_coins"": 25.0, ""stock"": 24.0, ""yield_per_plot"": 1.7, ""axes"": 1.0, ""wood"": 1.0}","{""time_seconds"": ""=C40*IF(Skills!$B$58=TRUE,Skills!$F$58,1)*IF(Skills!$B$64=TRUE,Skills!$F$64,1)*IF(Skills!$B$66=TRUE,Skills!$F$67,1)*IF(NFTs!$B$121=TRUE,NFTs!$G$121,1)*IF(NFTs!$B$127=TRUE,NFTs!$G$127,1)*IF(NFTs!$B$110=TRUE,NFTs!$G$110,1)*IF(Shrine!$B$27=TRUE,Shrine!$H$27,1)"", ""harvests"": ""=D40+IF(NFTs!$B$108=TRUE,NFTs!$G$108,0)"", ""seed_cost_coins"": ""=E40*IF(Skills!$B$53=TRUE,Skills!$F$53,1)*IF(NFTs!$B$39=TRUE,NFTs!$G$39,1)*IF(Skills!$B$26=TRUE,Skills!$F$26,1)"", ""sell_coins"": ""=F40"", ""stock"": ""=G40*IF(NFTs!$B$36=TRUE,NFTs!$G$36,1)"", ""yield_per_plot"": ""=1+IF(Skills!$B$52=TRUE,Skills!$F$52,0)+IF(Skills!$B$63=TRUE,Skills!$F$63,0)+IF(NFTs!$B$109=TRUE,NFTs!$G$109,0)+IF(NFTs!$B$124=TRUE,NFTs!$G$124,0)+IF(Skills!$B$68=TRUE,Skills!$F$69,0)+IF(NFTs!$B$103=TRUE,NFTs!$G$103,0)+IF(NFTs!$B$122=TRUE,NFTs!$G$122,0)+IF(NFTs!$B$128=TRUE,NFTs!$G$128,0)+IF(NFTs!$B$125=TRUE,NFTs!$G$125,0)+(Buds!L21)+IF(AND(Shrine!$I$30=TRUE,OR(Combo!$Y$32=\""Average Profit per Day\"",Combo!$Y$32=\""Lucro Médio por Dia\"")),Shrine!$O$30,0)"", ""axes"": ""=1*IF(Skills!$B$20=TRUE,Skills!$F$20,1)*IF(NFTs!$J$22=TRUE,NFTs!$O$22,1)*IF(Skills!$B$56=TRUE,Skills!$F$56,1)"", ""wood"": ""=1+IF(Skills!$B$56=TRUE,Skills!$G$56,0)+IF(Skills!$B$59=TRUE,Skills!$F$59,0)""}"
celestine,Celestine,fruits,Special Fruits,,,crops/fruits/celestine.png,Informações CropsFrutasGH,71,B71,"[""Spring"", ""Summer"", ""Autumn"", ""Winter""]",,21600,1,0.0,200.0,20.0,,1,0.2026,10.0,21600,0.0,200.0,20.0,1,SFL Hub recursos.js.descarga from uploaded Nueva carpeta (2).zip,"{""time_seconds"": 21600, ""seed_cost_coins"": null, ""sell_coins"": 200.0, ""stock"": null}","{""sell_coins"": ""=E71""}"
lunara,Lunara,fruits,Special Fruits,,,crops/fruits/lunara.png,Informações CropsFrutasGH,72,B72,"[""Spring"", ""Summer"", ""Autumn"", ""Winter""]",,43200,1,0.0,500.0,20.0,,1,0.509,10.0,43200,0.0,500.0,20.0,1,SFL Hub recursos.js.descarga from uploaded Nueva carpeta (2).zip,"{""time_seconds"": 43200, ""seed_cost_coins"": null, ""sell_coins"": 500.0, ""stock"": null}","{""sell_coins"": ""=E72""}"
duskberry,Duskberry,fruits,Special Fruits,,,crops/fruits/duskberry.png,Informações CropsFrutasGH,73,B73,"[""Spring"", ""Summer"", ""Autumn"", ""Winter""]",,86400,1,0.0,1000.0,20.0,,1,0.99,10.0,86400,0.0,1000.0,20.0,1,SFL Hub recursos.js.descarga from uploaded Nueva carpeta (2).zip,"{""time_seconds"": 86400, ""seed_cost_coins"": null, ""sell_coins"": 1000.0, ""stock"": null}","{""sell_coins"": ""=E73""}"
grape,Grape,greenhouse,Greenhouse,,,crops/greenhouse/grape.png,Informações CropsFrutasGH,47,B47,[],,43200,,160.0,240.0,10.0,3.0,1,0.28989,0.0,43200,160.0,240.0,10.0,1,SFL Hub recursos.js.descarga from uploaded Nueva carpeta (2).zip,"{""time_seconds"": 43200, ""seed_cost_coins"": 136.0, ""sell_coins"": 240.0, ""stock"": 12.0, ""oil_per_seed"": 3.0, ""seeds_used"": 1.0, ""yield_per_plot"": 1.35}","{""time_seconds"": ""=C47*IF(Skills!$B$75=TRUE,Skills!$F$75,1)*IF(Skills!$B$81=TRUE,Skills!$F$81,1)*IF(NFTs!$B$133=TRUE,NFTs!$G$133,1)*IF(Shrine!$I$18=TRUE,Shrine!$O$18,1)"", ""seed_cost_coins"": ""=D47*IF(NFTs!$B$39=TRUE,NFTs!$G$39,1)*IF(Skills!$B$76=TRUE,Skills!$F$76,1)*IF(Skills!$B$26=TRUE,Skills!$F$26,1)"", ""sell_coins"": ""=E47"", ""stock"": ""=F47*IF(NFTs!$B$36=TRUE,NFTs!$G$36,1)"", ""oil_per_seed"": ""=G47*IF(Skills!$B$86=TRUE,Skills!$G$86,1)+IF(Skills!$B$85=TRUE,Skills!$F$85,0)"", ""seeds_used"": ""=1+IF(Skills!$B$82=TRUE,Skills!G82,0)"", ""yield_per_plot"": ""=1+IF(NFTs!$B$103=TRUE,NFTs!$G$103,0)+IF(Skills!$B$74=TRUE,Skills!$F$74,0)+IF(Skills!$B$82=TRUE,Skills!F82,0)+IF(Skills!$B$84=TRUE,Skills!$F$84,0)+IF(Skills!$B$86=TRUE,Skills!$F$86,0)+IF(NFTs!$B$134=TRUE,NFTs!$G$134,0)+IF(NFTs!$B$135=TRUE,NFTs!$G$135,0)+IF(NFTs!$B$136=TRUE,NFTs!$G$136,0)+IF(NFTs!$B$139=TRUE,NFTs!$G$139,0)+(Buds!L21)""}"
rice,Rice,greenhouse,Greenhouse,,,crops/greenhouse/rice.png,Informações CropsFrutasGH,48,B48,[],,115200,,240.0,320.0,10.0,4.0,1,0.39,0.0,115200,240.0,320.0,10.0,1,SFL Hub recursos.js.descarga from uploaded Nueva carpeta (2).zip,"{""time_seconds"": 97920, ""seed_cost_coins"": 204.0, ""sell_coins"": 320.0, ""stock"": 12.0, ""oil_per_seed"": 4.0, ""seeds_used"": 1.0, ""yield_per_plot"": 1.1}","{""time_seconds"": ""=C48*IF(OR(NFTs!$B$37,NFTs!$B$38,NFTs!$B$39)=TRUE,NFTs!$G$37,1)*IF(NFTs!$B$47=TRUE,NFTs!$G$47,1)*IF(Skills!$B$75=TRUE,Skills!$F$75,1)*IF(Skills!$B$80=TRUE,Skills!$F$80,1)*IF(NFTs!$B$133=TRUE,NFTs!$G$133,1)*IF(Skills!$B$17=TRUE,Skills!F17,1)*Buds!I21*IF(Shrine!$I$18=TRUE,Shrine!$O$18,1)"", ""seed_cost_coins"": ""=D48*IF(NFTs!$B$39=TRUE,NFTs!$G$39,1)*IF(Skills!$B$76=TRUE,Skills!$F$76,1)*IF(Skills!$B$26=TRUE,Skills!$F$26,1)"", ""sell_coins"": ""=E48"", ""stock"": ""=F48*IF(NFTs!$B$36=TRUE,NFTs!$G$36,1)"", ""oil_per_seed"": ""=G48*IF(Skills!$B$86=TRUE,Skills!$G$86,1)+IF(Skills!$B$85=TRUE,Skills!$F$85,0)"", ""seeds_used"": ""=1+IF(Skills!$B$82=TRUE,Skills!G82,0)"", ""yield_per_plot"": ""=(1*IF(OR(NFTs!$B$38,NFTs!$B$39)=TRUE,NFTs!$G$38,1)*IF(NFTs!$B$84=TRUE,NFTs!$G$84,1)+IF(NFTs!$B$103=TRUE,NFTs!$G$103,0)+IF(Skills!$B$74=TRUE,Skills!$F$74,0)+IF(Skills!$B$82=TRUE,Skills!F82,0)+IF(Skills!$B$84=TRUE,Skills!$F$84,0)+IF(Skills!$B$86=TRUE,Skills!$F$86,0)+IF(NFTs!$B$134=TRUE,NFTs!$G$134,0)+IF(NFTs!$B$137=TRUE,NFTs!$G$137,0)+IF(NFTs!$B$140=TRUE,NFTs!$G$140,0)+IF(NFTs!$B$75=TRUE,NFTs!$G$75,0)+(Buds!Q27))*IF(NFTs!$B$86=TRUE,NFTs!$G$86,1)""}"
olive,Olive,greenhouse,Greenhouse,,,crops/greenhouse/olive.png,Informações CropsFrutasGH,49,B49,[],,158400,,320.0,400.0,10.0,6.0,1,0.42932,0.0,158400,320.0,400.0,10.0,1,SFL Hub recursos.js.descarga from uploaded Nueva carpeta (2).zip,"{""time_seconds"": 134640, ""seed_cost_coins"": 272.0, ""sell_coins"": 400.0, ""stock"": 12.0, ""oil_per_seed"": 6.0, ""seeds_used"": 1.0, ""yield_per_plot"": 1.35}","{""time_seconds"": ""=C49*IF(OR(NFTs!$B$37,NFTs!$B$38,NFTs!$B$39)=TRUE,NFTs!$G$37,1)*IF(NFTs!$B$47=TRUE,NFTs!$G$47,1)*IF(Skills!$B$75=TRUE,Skills!$F$75,1)*IF(Skills!$B$79=TRUE,Skills!$F$79,1)*IF(NFTs!$B$133=TRUE,NFTs!$G$133,1)*IF(Skills!$B$17=TRUE,Skills!F17,1)*Buds!I21*IF(Shrine!$I$18=TRUE,Shrine!$O$18,1)"", ""seed_cost_coins"": ""=D49*IF(NFTs!$B$39=TRUE,NFTs!$G$39,1)*IF(Skills!$B$76=TRUE,Skills!$F$76,1)*IF(Skills!$B$26=TRUE,Skills!$F$26,1)"", ""sell_coins"": ""=E49"", ""stock"": ""=F49*IF(NFTs!$B$36=TRUE,NFTs!$G$36,1)"", ""oil_per_seed"": ""=G49*IF(Skills!$B$86=TRUE,Skills!$G$86,1)+IF(Skills!$B$85=TRUE,Skills!$F$85,0)"", ""seeds_used"": ""=1+IF(Skills!$B$82=TRUE,Skills!G82,0)"", ""yield_per_plot"": ""=(1*IF(OR(NFTs!$B$38,NFTs!$B$39)=TRUE,NFTs!$G$38,1)*IF(NFTs!$B$84=TRUE,NFTs!$G$84,1)+IF(NFTs!$B$103=TRUE,NFTs!$G$103,0)+IF(Skills!$B$74=TRUE,Skills!$F$74,0)+IF(Skills!$B$82=TRUE,Skills!F82,0)+IF(Skills!$B$84=TRUE,Skills!$F$84,0)+IF(Skills!$B$86=TRUE,Skills!$F$86,0)+IF(NFTs!$B$134=TRUE,NFTs!$G$134,0)+IF(NFTs!$B$141=TRUE,NFTs!$G$141,0)+IF(NFTs!$B$142=TRUE,NFTs!$G$142,0)+(Buds!Q27))*IF(NFTs!$B$86=TRUE,NFTs!$G$86,1)""}"
